"id","movie_name","year","topics","writer","director","actors","official_site","movie_making_zone","IMDb","movie_rate","votes"
"27622447",小偷家族 万引き家族,"2018","剧情,家庭,犯罪",是枝裕和,"是,枝,裕,和","中川雅也,安藤樱,松冈茉优,城桧吏,佐佐木美结,树木希林,绪形直人,池松壮亮,森口瑶子,山田裕贵,片山萌美,柄本明,高良健吾,池胁千鹤,足立智充",, 日本, tt8075192,8.7,740974.0
"1292337",无人知晓 誰も知らない,"2004",剧情,是枝裕和,"是,枝,裕,和","柳乐优弥,北浦爱,木村飞影,清水萌萌子,韩英惠,江原由希子,串田和美,冈元夕纪子,楯隆子,加濑亮,村野友希,田中庆太,木村佑一,远藤宪一,寺岛进,平泉成",, 日本, tt0408664,9.1,275485.0
"25895901",海街日记 海街diary,"2015","剧情,家庭",是枝裕和,"是,枝,裕,和","绫濑遥,长泽雅美,夏帆,广濑铃,大竹忍,堤真一,加濑亮,风吹淳,中川雅也,前田旺志郎,铃木亮平,坂口健太郎,树木希林",, 日本, tt3756788,8.8,388466.0
"26694988",比海更深 海よりもまだ深く,"2016","剧情,家庭",是枝裕和,"是,枝,裕,和","阿部宽,真木阳子,小林聪美,树木希林,中川雅也,池松壮亮,桥爪功,中村友理,高桥和也,小泽征悦,峰村理惠,古馆宽治,叶山奖之,吉泽太阳",, 日本, tt5294966,8.8,175928.0
"30170448",何以为家 كفرناحوم,"2018",剧情,娜丁·拉巴基,"娜,丁,·,拉,巴,基","赞恩·阿尔·拉菲亚,约丹诺斯·希费罗,博鲁瓦蒂夫·特雷杰·班科尔,卡萨尔·艾尔·哈达德,法迪·尤瑟夫,海塔·塞德拉·伊扎姆,阿拉·乔什涅,娜丁·拉巴基,埃利亚斯·库利,努尔·艾尔·侯赛尼",, 黎巴嫩 / 美国 / 法国 / 塞浦路斯 / 卡塔尔 / 英国, tt8267604,9.1,923312.0
"25958717",海蒂和爷爷 Heidi,"2015","剧情,家庭,冒险",约翰娜·施皮里,"阿,兰,·,葛,斯,彭,纳","阿努克·斯特芬,布鲁诺·冈茨,昆林·艾格匹,安娜·申茨,伊莎贝尔·奥特曼,莉莲·奈福,彼得·杰克林,克里斯托夫·高格勒,丽贝卡·因德穆,莫妮卡·古布瑟,阿瑟·比勒,玛丽埃塔·耶米,彼得·洛迈尔,卡塔琳娜·舒特勒,杰拉·哈斯,迈克尔·克兰茨,劳拉·帕克,马库斯·赫林,马克西姆·梅米特,汉娜洛蕾·赫格",, 德国 / 瑞士, tt3700392,9.3,467164.0
"2222996",步履不停 歩いても 歩いても,"2008","剧情,家庭",是枝裕和,"是,枝,裕,和","阿部宽,夏川结衣,江原由希子,高桥和也,田中祥平,野本萤,林凌雅,寺岛进,加藤治子,树木希林,原田芳雄",, 日本, tt1087578,8.8,244928.0
"10571509",如父如子 そして父になる,"2013","剧情,家庭",是枝裕和,"是,枝,裕,和","福山雅治,尾野真千子,真木阳子,中川雅也,风吹淳,国村隼,树木希林,夏八木勋,井浦新,二宫庆多,黄升炫,足立智充",, 日本, tt2331143,8.7,134511.0
"1292329",牯岭街少年杀人事件 牯嶺街少年殺人事件,"1991","剧情,犯罪",杨德昌,"杨,德,昌","张震,杨静怡,张国柱,王启赞,林鸿铭,金燕玲,王琄,张翰,姜秀琼,赖梵耘,柯宇纶,谭志刚,冯国强,陈湘琪,金士杰",, 中国台湾, tt0101985,8.9,245593.0
"1291818",饮食男女 飲食男女,"1994","剧情,家庭",李安,"李,安","郎雄,杨贵媚,吴倩莲,王渝文,张艾嘉,归亚蕾,赵文瑄,陈昭荣,陈捷文,卢金城,唐语谦,洪其德,王瑞,杜满生,王玨,陈妤,左正芬,许敬民,聂卓晶,丁仲",, 中国台湾 / 美国, tt0111797,9.2,541630.0
"1291568",东京物语 東京物語,"1953","剧情,家庭",野田高梧,"小,津,安,二,郎","笠智众,原节子,杉村春子,东山千荣子,山村聪,香川京子",, 日本, tt0046438,9.1,123143.0
"1291875",阳光灿烂的日子,"1994","剧情,爱情",姜文,"姜,文","夏雨,宁静,陶虹,耿乐,斯琴高娃,冯小刚,刘小宁,姜文,王学圻,王朔,尚楠,方化,代少波,王海,姚二嘎,吴淑昆,左小青,韩冬,孙靖,刘斌,张维,杨彤林,王海,王福,胡贝贝,高保成,吴淑琨,张华,二勇,烈子,陈伟",, 中国大陆 / 中国香港, tt0111786,8.8,551101.0
"25814705",小森林 夏秋篇 リトル・フォレスト 夏・秋,"2014",剧情,森淳一,"森,淳,一","桥本爱,三浦贵大,松冈茉优,温水洋一,桐岛加恋",, 日本, tt3474600,9.0,379856.0
"4832288",奇迹 奇跡,"2011","剧情,家庭",是枝裕和,"是,枝,裕,和","前田航基,前田旺志郎,大塚宁宁,小田切让,夏川结衣,阿部宽,长泽雅美,原田芳雄,树木希林,桥爪功,桥本环奈,林凌雅,中村友理,内田伽罗",, 日本, tt1650453,8.8,63019.0
"1291583",天空之城 天空の城ラピュタ,"1986","动画,奇幻,冒险",宫崎骏,"宫,崎,骏","田中真弓,横泽启子,初井言荣,寺田农,常田富士男,永井一郎,糸博,鹫尾真知子,神山卓三,安原义人,槐柳二,鳕子",, 日本, tt0092067,9.1,739723.0
"26683290",你的名字。 君の名は。,"2016","剧情,爱情,动画",新海诚,"新,海,诚","神木隆之介,上白石萌音,长泽雅美,市原悦子,成田凌,悠木碧,岛崎信长,石川界人,谷花音,寺杣昌纪,大原沙耶香,井上和彦,茶风林,加藤有花,花泽香菜,寺崎裕香",, 日本, tt5311514,8.5,1239820.0
"1849031",当幸福来敲门 The Pursuit of Happyness,"2006","剧情,家庭,传记",斯蒂夫·康拉德,"加,布,里,埃,莱,·,穆,奇,诺","威尔·史密斯,贾登·史密斯,坦迪·牛顿,布莱恩·豪威 ,詹姆斯·凯伦,丹·卡斯泰兰尼塔,柯特·富勒,塔卡尤·费舍尔,凯文·韦斯特,乔治·张,戴维·迈克尔·西尔弗曼,多米尼克·博夫,杰弗·卡伦,乔伊芙·拉文,斯科特·克拉斯",, 美国, tt0454921,9.2,1366870.0
"1301753",狮子王 The Lion King,"1994","动画,歌舞,冒险",艾琳·梅琪,"罗,杰,·,阿,勒,斯","乔纳森·泰勒·托马斯,马修·布罗德里克,杰瑞米·艾恩斯,詹姆斯·厄尔·琼斯,莫伊拉·凯利,内森·连恩,尼基塔·卡兰姆,埃林·萨贝拉,乌比·戈德堡,罗温·艾金森",, 美国, tt0110357,9.1,743732.0
"1291561",千与千寻 千と千尋の神隠し,"2001","剧情,动画,奇幻",宫崎骏,"宫,崎,骏","柊瑠美,入野自由,夏木真理,菅原文太,中村彰男,玉井夕海,神木隆之介,内藤刚志,泽口靖子,我修院达也,大泉洋,小林郁夫,上条恒彦,小野武彦",, 日本, tt0245429,9.4,2015390.0
"3011091",忠犬八公的故事 Hachi: A Dog's Tale,"2009",剧情,斯蒂芬·P·林赛,"拉,斯,·,霍,尔,斯,道,姆","理查·基尔,萨拉·罗默尔,琼·艾伦,罗比·萨布莱特,艾瑞克·阿瓦利,田川洋行,杰森·亚历山大,罗伯特·卡普荣",, 美国 / 英国, tt1028532,9.4,1272280.0
"26387939",摔跤吧！爸爸 Dangal,"2016","剧情,家庭,传记,运动",比于什·古普塔,"涅,提,·,蒂,瓦,里","阿米尔·汗,法缇玛·萨那·纱卡,桑亚·玛荷塔,阿帕尔夏克提·库拉那,沙克希·坦沃,塞伊拉·沃西,苏哈妮·巴特纳格尔,里特维克·萨霍里,吉里什·库卡尼",, 印度, tt5074352,9.0,1413160.0
"1291560",龙猫 となりのトトロ,"1988","动画,奇幻,冒险",宫崎骏,"宫,崎,骏","日高法子,坂本千夏,糸井重里,岛本须美,北林谷荣,高木均,雨笠利幸,丸山裕子,广濑正志,鹫尾真知子,铃木玲子,千叶繁,龙田直树,鳕子,西村朋纮,石田光子,神代知衣,中村大树,水谷优子,平松晶子,大谷育江",, 日本, tt0096283,9.2,1137800.0
"1292434",一一,"2000","剧情,爱情,家庭",杨德昌,"杨,德,昌","吴念真,李凯莉,金燕玲,张洋洋,萧淑慎,尾形一成,陈希圣,林孟瑾,陈以文,柯宇纶,张育邦,柯素云,唐如韫,徐淑媛,曾心怡,陶传正",, 中国台湾 / 日本, tt0244316,9.1,325584.0
"1293359",菊次郎的夏天 菊次郎の夏,"1999","剧情,喜剧",北野武,"北,野,武","北野武,关口雄介,岸本加世子,吉行和子,细川典江,大家由祐子,磨赤儿,铃木忠幸,井手博士,今村鼠,兼子二郎,田中要次,小岛可奈子",, 日本, tt0199683,8.9,523259.0
"6786002",触不可及 Intouchables,"2011","剧情,喜剧",奥利维埃·纳卡什,"奥,利,维,埃,·,纳,卡,什","弗朗索瓦·克鲁塞,奥玛·希,安娜·勒尼,奥德雷·弗勒罗,托马·索利韦尔",, 法国, tt1675434,9.3,943430.0
"26628357",一个叫欧维的男人决定去死 En man som heter Ove,"2015",剧情,弗雷德里克·巴克曼,"汉,内,斯,·,赫,尔,姆","罗夫·拉斯加德,巴哈·帕斯,托比亚斯·阿姆博瑞,菲利普·伯格,安娜-莱娜·布伦丁,博瑞·伦贝里,埃达·英格薇,弗雷德里克·埃弗斯,玛德琳·雅各布松,查特里娜·拉松,杰克尔·法尔斯特伦",, 瑞典, tt4080728,8.9,396337.0
"1303021",小鞋子 بچه های آسمان,"1997","剧情,家庭,儿童",马基德·马基迪,"马,基,德,·,马,基,迪","默罕默德·阿米尔·纳吉,法拉赫阿米尔·哈什米安,巴哈丽·西迪奇,纳菲丝·贾法-穆罕默迪,费雷什特·萨拉班迪,Dariush Mokhtari,克里斯托弗·马利基",, 伊朗, tt0118849,9.2,364089.0
"1306861",我是山姆 I Am Sam,"2001","剧情,家庭",杰茜·尼尔森,"杰,茜,·,尼,尔,森","西恩·潘,达科塔·范宁,米歇尔·菲佛,黛安·韦斯特,洛雷塔·迪瓦恩,理查德·希夫,劳拉·邓恩",, 美国, tt0277027,9.0,292249.0
"5912992",熔炉 도가니,"2011",剧情,黄东赫,"黄,东,赫","孔刘,郑有美,金贤秀,郑仁絮,白承焕,张光,金民尚,林贤成,金周灵,严孝燮,全国焕,崔镇浩,金志映,严智星,许在浩,张素妍",, 韩国, tt2070649,9.3,839013.0
"26393561",小萝莉的猴神大叔 Bajrangi Bhaijaan,"2015","剧情,喜剧,动作",卡比尔·汗,"卡,比,尔,·,汗","萨尔曼·汗,哈莎莉·马洛特拉,卡琳娜·卡普尔,纳瓦祖丁·席迪圭,欧姆·普瑞,梅·维贾,席尔帕.舒克拉,拉杰什·沙玛,沙拉蒂·瑟斯纳,阿图·斯里瓦斯塔瓦,阿德南·萨米,马诺·巴克什",, 印度, tt3863552,8.4,445131.0
"30166972",少年的你,"2019","剧情,爱情,犯罪",林咏琛,"曾,国,祥","周冬雨,易烊千玺,尹昉,周也,吴越,黄觉,张艺凡,张耀,张歆怡,赵润南,郜玄铭",, 中国大陆 / 中国香港, tt9586294,8.2,1356140.0
"1298624",闻香识女人 Scent of a Woman,"1992",剧情,博·古德曼,"马,丁,·,布,莱,斯,特","阿尔·帕西诺,克里斯·奥唐纳,詹姆斯·瑞布霍恩,加布里埃尔·安瓦尔,菲利普·塞默·霍夫曼,理查德·文彻,布莱德利·惠特福德,罗谢尔·奥利弗,Margaret Eginton,Tom Riis Farrell,Nicholas Sadler,托德·路易斯,马特·史密斯,吉恩·坎菲尔德,弗兰西丝·康罗伊",, 美国, tt0105323,9.1,775598.0
"25716096",狗十三,"2013","剧情,家庭",焦华静,"曹,保,平","张雪迎,果靖霖,智一桐,代旭,黄诗佳,曹馨月,聂鑫,周珍",, 中国大陆, tt3401962,8.2,466194.0
"1292064",楚门的世界 The Truman Show,"1998","剧情,科幻",安德鲁·尼科尔,"彼,得,·,威,尔","金·凯瑞,劳拉·琳妮,艾德·哈里斯,诺亚·艾默里奇,娜塔莎·麦克艾霍恩",, 美国, tt0120382,9.3,1463780.0
"1292656",心灵捕手 Good Will Hunting,"1997",剧情,本·阿弗莱克,"格,斯,·,范,·,桑,特","马特·达蒙,罗宾·威廉姆斯,本·阿弗莱克,斯特兰·斯卡斯加德,明妮·德里弗,卡西·阿弗莱克,科尔·豪瑟,约翰·迈顿,丹·华盛顿,艾莉森·福兰德,维克·萨海,史蒂文·科兹洛夫斯基,斯科特·威廉姆·文特斯,吉米·弗林,乔治·普林普顿,弗朗切斯科·克莱门特",, 美国, tt0119217,8.9,632055.0
"1292365",活着,"1994","剧情,家庭,历史",芦苇,"张,艺,谋","葛优,巩俐,姜武,牛犇,郭涛,张璐,倪大红,肖聪,董飞,刘天池,董立范,黄宗洛,刘燕瑾,李连义,杨同顺",, 中国大陆 / 中国香港, tt0110081,9.3,734568.0
"27010768",寄生虫 기생충,"2019","剧情,喜剧",奉俊昊,"奉,俊,昊","宋康昊,李善均,赵汝贞,崔宇植,朴素丹,李姃垠,张慧珍,郑知晓,朴明勋,朴叙俊,朴根禄,郑贤俊,朴孝新,安德烈亚斯·弗龙克",, 韩国, tt6751668,8.8,1226100.0
"26752088",我不是药神,"2018","剧情,喜剧",韩家女,"文,牧,野","徐峥,王传君,周一围,谭卓,章宇,杨新鸣,王佳佳,王砚辉,贾晨飞,龚蓓苾,宁浩,李乃文,岳小军,苇青,富冠铭,巴拉特·巴蒂,喜利图,张海艳,朱耕佑",, 中国大陆, tt7362036,9.0,1886310.0
"25724855",房间 Room,"2015","剧情,家庭",艾玛·多诺霍,"伦,尼,·,阿,伯,拉,罕,森","布丽·拉尔森,雅各布·特伦布莱,肖恩·布里吉格斯,温迪·古逊,阿曼达·布鲁盖尔,乔·平格,琼·艾伦,卡斯·安瓦尔,威廉姆·H·梅西,兰道尔·爱德华,罗德里戈-费尔南德斯-斯托尔,罗里·奥谢,汤姆·麦卡穆斯,杰克·富尔顿,梅根·帕克",, 爱尔兰 / 加拿大 / 英国 / 美国, tt3170832,8.8,340808.0
"1291557",花样年华 花樣年華,"2000","剧情,爱情",王家卫,"王,家,卫","梁朝伟,张曼玉,潘迪华,萧炳林,张耀扬,孙佳君,钱似莺,顾锦华",, 中国香港, tt0118694,8.7,524928.0
"1292220",情书 Love Letter,"1995","剧情,爱情",岩井俊二,"岩,井,俊,二","中山美穗,丰川悦司,酒井美纪,柏原崇,范文雀,篠原胜之,铃木庆一,田口智朗,加贺麻理子,光石研,铃木兰兰,盐见三省,中村久美,梅田凡乃,长田江身子 ,小栗香织,神户浩,酒井敏也,山口诗史,山崎一,德井优,武藤寿美",, 日本, tt0113703,8.9,954313.0
"1297268",秋日奏鸣曲 Höstsonaten,"1978","剧情,家庭",英格玛·伯格曼,"英,格,玛,·,伯,格,曼","英格丽·褒曼,丽芙·乌曼,莱娜·尼曼,哈尔瓦德·比约克",, 瑞典 / 法国 / 西德 / 英国, tt0077711,9.0,26587.0
"5964718",一次别离 جدایی نادر از سیمین,"2011","剧情,家庭",阿斯哈·法哈蒂,"阿,斯,哈,·,法,哈,蒂","佩曼·莫阿迪,蕾拉·哈塔米,萨瑞·巴亚特,沙哈布·侯赛尼,萨日娜·法哈蒂,梅里拉·扎雷伊,阿里-阿萨哈·萨哈巴齐,巴巴克·卡里米,吉米娅·侯赛伊妮,希尔·亚齐丹巴克什,萨哈巴努·佐哈多",, 伊朗 / 法国, tt1832382,8.7,231212.0
"2131459",机器人总动员 WALL·E,"2008","科幻,动画,冒险",安德鲁·斯坦顿,"安,德,鲁,·,斯,坦,顿","本·贝尔特,艾丽莎·奈特,杰夫·格尔林,佛莱德·威拉特,西格妮·韦弗,MacInTalk,约翰·拉岑贝格,凯茜·纳基麦,泰迪·牛顿,鲍伯·伯根,洛丽·理查德森,吉姆·瓦德,彼特·道格特,安德鲁·斯坦顿,杰夫·皮金,约翰·齐甘,米凯·麦高万,雪莉·琳恩,克莱特·惠特克,唐纳德·富利洛夫,罗里·艾伦,杰斯·哈梅尔,拉瑞恩·纽曼,扬·拉布森,保罗·伊丁",, 美国, tt0910970,9.3,1189680.0
"1291999",重庆森林 重慶森林,"1994","剧情,爱情",王家卫,"王,家,卫","林青霞,金城武,梁朝伟,王菲,周嘉玲",, 中国香港, tt0109424,8.8,712384.0
"2043546",秒速5厘米 秒速5センチメートル,"2007","剧情,爱情,动画",新海诚,"新,海,诚","水桥研二,近藤好美,花村怜美,尾上绫华,水野理纱,寺崎裕香,中村祐子,岩崎征实,内藤玲,下崎纮史,平野贵裕,中川玲,井关佳子,井上优,加古临王,中村梨香,须加美纪,鲑延未可,新鹿由美子,斋藤由香子",, 日本, tt0983213,8.3,527965.0
"1295644",这个杀手不太冷 Léon,"1994","剧情,动作,犯罪",吕克·贝松,"吕,克,·,贝,松","让·雷诺,娜塔莉·波特曼,加里·奥德曼,丹尼·爱罗,彼得·阿佩尔,迈克尔·巴达鲁科,艾伦·格里尼,伊丽莎白·瑞根,卡尔·马图斯维奇,弗兰克·赛格,麦温,乔治·马丁,罗伯特·拉萨多,亚当·布斯奇,马里奥·托迪斯科,萨米·纳塞利",, 法国 / 美国, tt0110413,9.4,2091660.0
"1291578",冰川时代 Ice Age,"2002","喜剧,动画,冒险",迈克尔·伯格 ,"卡,洛,斯,·,沙,尔,丹,哈","雷·罗马诺,约翰·雷吉扎莫,丹尼斯·利瑞,杰克·布莱克",, 美国, tt0268380,8.6,552856.0
"1294433",秋刀鱼之味 秋刀魚の味,"1962","剧情,家庭",野田高梧,"小,津,安,二,郎","笠智众,岩下志麻,冈田茉莉子,佐田启二,三上真一郎,吉田辉雄,岸田今日子,杉村春子,中村伸郎,北龙二",, 日本, tt0056444,8.7,39199.0
"1291579","怪兽电力公司 Monsters, Inc.","2001","喜剧,动画,儿童,奇幻,冒险",安德鲁·斯坦顿,"彼,特,·,道,格,特","约翰·古德曼,比利·克里斯托,玛丽·吉布斯,史蒂夫·布西密,詹姆斯·柯本,詹妮弗·提莉,鲍勃·彼德森,约翰·拉岑贝格,弗兰克·奥兹,丹尼尔·吉尔森,邦尼·亨特,杰克·安杰尔,塞缪尔·洛德·布莱克,史蒂夫·萨斯坎德",, 美国, tt0198781,8.8,590337.0
"2129039",飞屋环游记 Up,"2009","剧情,喜剧,动画,冒险",彼特·道格特,"彼,特,·,道,格,特","爱德华·阿斯纳,克里斯托弗·普卢默,乔丹·长井,鲍勃·彼德森,德尔罗伊·林多,杰罗姆·兰福特,约翰·拉岑贝格,大卫·卡耶,艾丽·道克特,杰里米·利里,米凯·麦高万,丹尼·曼恩,唐纳德·富利洛夫,杰斯·哈梅尔,乔什·库雷,彼特·道格特",, 美国, tt1049413,9.1,1189330.0
"1305690",阿飞正传 阿飛正傳,"1990","剧情,爱情,犯罪",王家卫,"王,家,卫","张国荣,张曼玉,刘嘉玲,刘德华,张学友,潘迪华,梁朝伟",, 中国香港, tt0101258,8.5,449767.0
"1959877",崖上的波妞 崖の上のポニョ,"2008","动画,奇幻,冒险",宫崎骏,"宫,崎,骏","奈良柚莉爱,土井洋辉,山口智子,长岛一茂,天海祐希,所乔治,柊瑠美,矢野显子,吉行和子,奈良冈朋子,左时枝,羽鸟慎一,平冈映美,大桥望美",, 日本, tt0876563,8.6,421441.0
"1304476",独立时代 獨立時代,"1994",剧情,杨德昌,"杨,德,昌","陈湘琪,王柏森,邓安宁,李芹,王维明,倪淑君,陈以文,金燕玲,金士杰,鸿鸿",, 中国台湾, tt0109685,8.8,33390.0
"1291851",小武,"1998",剧情,贾樟柯,"贾,樟,柯","王宏伟,郝鸿建,左夏初",, 中国香港 / 中国大陆, tt0144020,8.5,115572.0
"1292213",大话西游之大圣娶亲 西遊記大結局之仙履奇緣,"1995","喜剧,爱情,奇幻,古装",刘镇伟,"刘,镇,伟","周星驰,吴孟达,朱茵,蔡少芬,蓝洁瑛,莫文蔚,罗家英,刘镇伟,陆树铭,李健仁",, 中国香港 / 中国大陆, tt0114996,9.2,1379450.0
"2149806",入殓师 おくりびと,"2008",剧情,小山薰堂,"泷,田,洋,二,郎","本木雅弘,广末凉子,山崎努,吉行和子,笹野高史,余贵美子",, 日本, tt1069238,8.9,582185.0
"21937445",辩护人 변호인,"2013",剧情,杨宇硕,"杨,宇,硕","宋康昊,金英爱,吴达洙,郭度沅,任时完,宋永彰,郑元中,赵敏基,李杭娜,李星民,车光洙,韩基重,沈熙燮,赵莞基,李姃垠",, 韩国, tt3404140,9.2,534341.0
"21360417",恐怖直播 더 테러 라이브,"2013","剧情,悬疑,犯罪",金秉祐,"金,秉,祐","河正宇,李璟荣,全慧珍,李大卫,金弘波,崔正贤,崔代勋,姜信哲,韩成天,孙成灿,金素真,金大明,金海仁",, 韩国, tt2990738,8.7,582994.0
"1305487",猫鼠游戏 Catch Me If You Can,"2002","剧情,传记,犯罪",杰夫·内桑森,"史,蒂,文,·,斯,皮,尔,伯,格","莱昂纳多·迪卡普里奥,汤姆·汉克斯,克里斯托弗·沃肯,马丁·辛,艾米·亚当斯,詹妮弗·加纳,伊丽莎白·班克斯,纳塔莉·贝伊,詹姆斯·布洛林,艾伦·旁派,南希·利内翰,布莱恩·豪威 ,弗兰克·约翰·休斯,克里斯·埃里斯",, 美国 / 加拿大, tt0264464,9.1,856600.0
"26611804","三块广告牌 Three Billboards Outside Ebbing, Missouri","2017","剧情,犯罪",马丁·麦克唐纳,"马,丁,·,麦,克,唐,纳","弗兰西斯·麦克多蒙德,伍迪·哈里森,山姆·洛克威尔,艾比·考尼什,卢卡斯·赫奇斯,彼特·丁拉基,约翰·浩克斯,卡赖伯·兰德里·琼斯,凯瑟琳·纽顿,凯瑞·康顿,泽利科·伊万内克,萨玛拉·维文,克拉克·彼得斯,尼克·瑟西,阿曼达·沃伦,玛拉雅·瑞沃拉·德鲁,布兰登·萨克斯顿,迈克尔·艾伦·米利甘",, 美国 / 英国, tt5027774,8.7,740856.0
"30327842","82年生的金智英 82년생 김지영","2019",剧情,刘英雅,"金,度,英","郑有美,孔刘,金美京,孔敏晶,朴成妍,李凤莲,金圣喆,李乌,孙成灿,金正英,李海云,李娜云,禹志贤,艺秀晶,廉惠兰",, 韩国, tt11052808,8.6,342555.0
"27019527",嘉年华,"2017",剧情,文晏,"文,晏","文淇,周美君,史可,耿乐,刘威葳,彭静,王栎鑫,李梦男,蒋欣悦,陈竹昇",, 中国大陆 / 法国, tt7205208,8.2,260613.0
"27191431",过春天,"2018",剧情,白雪,"白,雪","黄尧,孙阳,汤加文,倪虹洁,江美仪,廖启智,焦刚",, 中国大陆, tt8875366,7.7,291425.0
"1295124",辛德勒的名单 Schindler's List,"1993","剧情,历史,战争",托马斯·肯尼利,"史,蒂,文,·,斯,皮,尔,伯,格","连姆·尼森,本·金斯利,拉尔夫·费因斯,卡罗琳·古多尔,乔纳森·萨加尔,艾伯丝·戴维兹,马尔戈萨·格贝尔,马克·伊瓦涅,碧翠斯·马科拉,安德烈·瑟韦林,弗里德里希·冯·图恩,克齐斯茨托夫·拉夫特,诺伯特·魏塞尔,维斯瓦夫·科马萨",, 美国, tt0108052,9.6,991387.0
"26862829",芳华,"2017","剧情,历史,战争",严歌苓 Geling Yan,"冯,小,刚","黄轩,苗苗,钟楚曦,杨采钰,李晓峰,王天辰,王可如,隋源,张仁博,苏岩,张国立,赵立新",, 中国大陆, tt6654316,7.7,752080.0
"30334073",调音师 Andhadhun,"2018","喜剧,悬疑,惊悚,犯罪",阿里吉特·比沙什,"斯,里,兰,姆,·,拉,格,万","阿尤斯曼·库拉纳,塔布,拉迪卡·艾普特,安尔·德霍万,马纳夫·维吉,阿什维尼·卡尔塞卡,查亚·卡达姆,萨基尔·侯赛因,拉什米·阿格德卡,莫希尼·凯瓦拉曼",, 印度, tt8108198,8.2,853101.0
"1293839",罗马假日 Roman Holiday,"1953","剧情,喜剧,爱情",达尔顿·特朗勃,"威,廉,·,惠,勒","奥黛丽·赫本,格利高里·派克,埃迪·艾伯特,哈特利·鲍尔,哈考特·威廉姆斯,玛格丽特·罗林斯,托里奥·卡米纳提,保罗·卡利尼,克劳迪奥·埃尔梅利,保拉·布鲁布尼,里佐·弗雷多里佐",, 美国, tt0046250,9.1,862971.0
"25921812",驴得水,"2016","剧情,喜剧",周申,"周,申","任素汐,大力,刘帅良,裴魁山,阿如那,韩彦博,卜冠今,王堃,高阳,苏千越,麦亚瑟,王峰",, 中国大陆, tt6167014,8.3,832831.0
"1309163",恋恋笔记本 The Notebook,"2004","剧情,爱情",扬·萨尔迪,"尼,克,·,卡,萨,维,蒂","瑞恩·高斯林,瑞秋·麦克亚当斯,吉娜·罗兰兹,詹姆斯·加纳,斯塔尔勒塔·杜波利斯,凯文·康诺利,希瑟·沃奎斯特,杰弗里·奈特,琼·艾伦,詹姆斯·麦斯登",, 美国, tt0332280,8.6,594415.0
"1292679",春光乍泄 春光乍洩,"1997","剧情,爱情,同性",王家卫,"王,家,卫","张国荣,梁朝伟,张震,格利高里·戴顿",, 中国香港 / 日本 / 韩国, tt0118845,9.0,559609.0
"2297265",浪潮 Die Welle,"2008","剧情,惊悚",丹尼斯·甘塞尔,"丹,尼,斯,·,甘,塞,尔","于尔根·福格尔,弗雷德里克·劳,马克思·雷迈特,詹妮弗·乌尔里希,克里斯蒂安娜·保罗,雅各布·马琛茨,克里斯蒂娜·度·瑞格,埃利亚斯·穆巴里克,马克西米利安·福尔马尔,马克斯·毛夫",, 德国, tt1063669,8.7,245783.0
"27059130",大佛普拉斯,"2017","剧情,喜剧",黄信尧,"黄,信,尧","庄益增,陈竹昇,戴立忍,张少怀,陈以文,纳豆,丁国琳,李永丰,朱约信,雷婕熙,林美秀,小亮哥,游安顺,梁赫群,脱线,郑宇彤,鲁文学",, 中国台湾, tt7010412,8.7,385217.0
"1292062",美国丽人 American Beauty,"1999","剧情,爱情,家庭",艾伦·鲍尔,"萨,姆,·,门,德,斯","凯文·史派西,安妮特·贝宁,索拉·伯奇,韦斯·本特利,米娜·苏瓦丽,彼得·盖勒,艾莉森·珍妮,克里斯·库珀,斯科特·巴库拉,山姆·洛巴兹,巴里·德尔·舍曼,阿若·希利,约翰·赵,肯特·法尔考,希瑟·乔伊·谢尔,切尔西·赫特福德,安贝尔·史密斯,乔尔·麦克拉里,玛丽莎·贾里特·威诺克,丹尼斯·安德森",, 美国, tt0169547,8.5,306946.0
"2353023",驯龙高手 How to Train Your Dragon,"2010","动画,奇幻,冒险",威廉姆·戴维斯,"迪,恩,·,德,布,洛,斯","杰伊·巴鲁切尔,杰拉德·巴特勒,克雷格·费格森,亚美莉卡·费雷拉,乔纳·希尔,克里斯托夫·梅兹-普莱瑟,T·J·米勒,克里斯汀·韦格,罗宾·阿特金·唐斯,菲利普·麦格雷德,基隆·埃利奥特,阿什利·詹森,大卫·田纳特",, 美国, tt0892769,8.7,679288.0
"1297052",侧耳倾听 耳をすませば,"1995","剧情,爱情,动画",宫崎骏,"近,藤,喜,文","本名阳子,小林桂树,高山南,高桥一生,山下容莉枝,室井滋,露口茂,饭冢雅弓",, 日本, tt0113824,8.9,410697.0
"3789848",怪兽大学 Monsters University,"2013","喜剧,动画,冒险",罗伯特·L·贝尔德,"丹,·,斯,坎,隆","比利·克里斯托,约翰·古德曼,史蒂夫·布西密,海伦·米伦,彼得·孙,乔尔·默里,西恩·海耶斯,大卫·弗利,查理·戴,阿尔弗雷德·莫里纳,泰勒·莱伯恩,内森·菲利安,奥布瑞·普拉扎,贝丝·比厄,鲍比·莫尼汉,朱丽亚·斯维尼",, 美国, tt1453405,8.3,332605.0
"1793491",美食总动员 Ratatouille,"2007","喜剧,动画,奇幻",布拉德·伯德,"布,拉,德,·,伯,德","帕顿·奥斯瓦尔特,伊安·霍姆,卢·罗曼诺,布莱恩·丹内利,彼得·孙,彼得·奥图尔,布拉德·加内特,詹妮安·加罗法洛,威尔·阿奈特,詹姆斯·瑞马尔,约翰·拉岑贝格,泰迪·牛顿,托尼·弗希勒,杰克·斯坦菲尔德,布拉德·伯德,林赛·柯林斯,布拉德·刘易斯,洛丽·理查德森,迈克·吉亚奇诺",, 美国, tt0382932,8.5,326558.0
"3908423",夏日大作战 サマーウォーズ,"2009","喜剧,科幻,动画,家庭,冒险",奥寺佐渡子,"细,田,守","神木隆之介,樱庭奈奈美,富司纯子,谷村美月,斋藤步,横川贵大,信泽三惠子,谷川清美,桐本拓哉,佐佐木睦,玉川纱己子,永井一郎,山像香,小林隆,田村高美,清水优,中村正,田中要次,金沢映子,中村桥弥,高久千草,板仓光隆,仲里依纱,安达直人,诸星堇,今井悠贵,太田力斗,皆川阳菜乃",, 日本, tt1474276,8.6,167032.0
"1418200",傲慢与偏见 Pride & Prejudice,"2005","剧情,爱情",简·奥斯汀,"乔,·,赖,特","凯拉·奈特莉,马修·麦克费登,唐纳德·萨瑟兰,布兰达·布莱斯,凯瑞·穆里根,裴淳华,吉娜·马隆,妲露拉·莱莉,朱迪·丹奇,西蒙·伍兹,克劳迪·布莱克利,汤姆·霍兰德,鲁伯特·弗兰德,凯利·蕾莉,皮普·托伦斯,西妮德·马修斯,佩内洛普·威尔顿,塔姆金·莫钦特",, 法国 / 英国 / 美国, tt0414387,8.7,702879.0
"1485260",本杰明·巴顿奇事 The Curious Case of Benjamin Button,"2008","剧情,爱情,奇幻",艾瑞克·罗斯,"大,卫,·,芬,奇","凯特·布兰切特,布拉德·皮特,朱莉娅·奥蒙德,芳妮·A·钱勃丝,伊莱亚斯·科泰斯,杰森·弗莱明,大卫·詹森,蒂尔达·斯文顿,艾丽·范宁,乔安娜·塞勒,乔什·斯图沃特,丹尼·文森,塔拉吉·P·汉森,马赫沙拉·阿里,菲奥娜·黑尔,唐娜·杜普兰提尔,兰斯·E·尼克尔斯,特德·曼森,克莱·卡伦,菲利斯·萨莫维尔,杰瑞德·哈里斯,麦迪逊·贝蒂,汤姆·埃沃雷特,克里斯托弗·马克斯韦尔,伊利亚·沃里克",, 美国, tt0421715,9.0,880598.0
"1309004",孔雀,"2005","剧情,家庭",李樯,"顾,长,卫","张静初,冯瓅,吕聿来,黄梅莹,刘冠成,安静,于小伟",, 中国大陆, tt0445506,8.1,120642.0
"1296834",彼岸花,"1958","剧情,家庭",野田高梧,"小,津,安,二,郎","佐分利信,田中绢代,山本富士子,久我美子,有马稻子,笠智众,北龙二",, 日本, tt0051720,8.3,6394.0
"1297223",鹿鼎记 鹿鼎記,"1992","喜剧,动作,武侠,古装",王晶,"王,晶","周星驰,吴孟达,张敏,吴君如,邱淑贞,刘松仁,陈百祥,袁洁莹,温兆伦,徐锦江,陈德容",, 中国香港, tt0104770,8.3,298073.0
"1298704",早春,"1956","剧情,家庭",野田高梧,"小,津,安,二,郎","淡岛千景,池部良,高桥贞二,岸惠子,笠智众,杉村春子",, 日本, tt0049784,8.1,3245.0
"1297192",致命ID Identity,"2003","剧情,悬疑,惊悚",迈克尔·库尼,"詹,姆,斯,·,曼,高,德","约翰·库萨克,雷·利奥塔,阿曼达·皮特,约翰·浩克斯,阿尔弗雷德·莫里纳,克里·杜瓦尔,约翰·C·麦金雷,威廉姆·李·斯科特,杰克·布塞,普路特·泰勒·文斯,瑞贝卡·德·莫妮,卡门·阿尔根齐亚诺,马绍尔·贝尔,莱拉·肯泽尔,马特·莱斯切尔,布莱特·罗尔,霍尔姆斯·奥斯本,弗雷德里克·科芬,乔·哈特,迈克尔·赫希,泰伦斯·伯尼·海恩斯",, 美国, tt0309698,8.8,723335.0
"1292223",七宗罪 Se7en,"1995","剧情,悬疑,惊悚,犯罪",安德鲁·凯文·沃克,"大,卫,·,芬,奇","摩根·弗里曼,布拉德·皮特,凯文·史派西,格温妮斯·帕特洛,安德鲁·凯文·沃克,约翰·卡西尼,雷格·E·凯蒂,李·厄米",, 美国, tt0114369,8.8,855836.0
"24750126",荒蛮故事 Relatos salvajes,"2014","剧情,喜剧,犯罪",达米安·斯兹弗隆,"达,米,安,·,斯,兹,弗,隆","达里奥·格兰迪内蒂,玛丽娅·玛努尔,莫妮卡·比利亚,丽塔·科尔泰塞,胡丽叶塔·泽尔贝伯格,凯撒·博尔东,莱昂纳多·斯巴拉格利亚,沃尔特·多纳多,里卡多·达林,南希·杜普拉,奥斯卡·马丁内兹,玛莉亚·奥内托,奥斯马·努涅斯,赫尔曼·德·席尔瓦,艾丽卡·里瓦斯,地亚哥·詹蒂莱,玛格丽塔·莫菲诺",, 阿根廷 / 西班牙, tt3011894,8.8,392754.0
"1306183",茶泡饭之味 お茶漬の味,"1952","剧情,家庭",野田高梧,"小,津,安,二,郎","木暮实千代,鹤田浩二,佐分利信,淡岛千景,笠智众",, 日本, tt0044982,8.1,5602.0
"1291841",教父 The Godfather,"1972","剧情,犯罪",马里奥·普佐,"弗,朗,西,斯,·,福,特,·,科,波,拉","马龙·白兰度,阿尔·帕西诺,詹姆斯·肯恩,理查德·卡斯特尔诺,罗伯特·杜瓦尔,斯特林·海登,约翰·马利,理查德·康特,艾尔·勒提埃里,黛安·基顿,阿贝·维高达,塔莉娅·夏尔,吉亚尼·罗素,约翰·凯泽尔,鲁迪·邦德,兰尼·蒙大拿",, 美国, tt0068646,9.3,849128.0
"26647117",暴裂无声,"2017","剧情,悬疑,犯罪",忻钰坤,"忻,钰,坤","宋洋,姜武,袁文康,谭卓,王梓尘,安琥,伊天锴",, 中国大陆, tt6389316,8.2,441364.0
"33432655",困在时间里的父亲 The Father,"2020",剧情,克里斯托弗·汉普顿,"佛,罗,莱,恩,·,泽,勒","安东尼·霍普金斯,奥利维娅·科尔曼,马克·加蒂斯,奥莉维亚·威廉姆斯,伊莫琴·普茨,卢夫斯·塞维尔,阿耶莎·达尔克,罗曼·泽勒,雷·伯内特,阿德南·昆迪,斯科特·穆林斯,布赖恩·罗杰,艾薇·维",, 英国 / 法国, tt10272386,8.6,210152.0
"1292401",真爱至上 Love Actually,"2003","剧情,喜剧,爱情",理查德·柯蒂斯,"理,查,德,·,柯,蒂,斯","休·格兰特,科林·费尔斯,艾玛·汤普森,凯拉·奈特莉,连姆·尼森,托马斯·布罗迪-桑斯特,比尔·奈伊,马丁·弗瑞曼,劳拉·琳妮,艾伦·瑞克曼,克里斯·马歇尔,罗德里戈·桑托罗,罗温·艾金森,比利·鲍伯·松顿,玛汀·麦古基安,安德鲁·林肯,露西娅·莫尼斯,海克·玛卡琪",, 英国 / 美国 / 法国, tt0314331,8.6,659733.0
"26325320",血战钢锯岭 Hacksaw Ridge,"2016","剧情,传记,历史,战争",安德鲁·奈特,"梅,尔,·,吉,布,森","安德鲁·加菲尔德,萨姆·沃辛顿,文斯·沃恩,雨果·维文,卢克·布雷西,泰莉莎·帕尔墨,瑞切尔·格里菲斯,内森奈尔·布佐里克,理查德·劳斯伯格,马特·纳夫莱,费拉斯·迪拉尼,瑞安·柯尔,卢克·佩格勒",, 澳大利亚 / 美国, tt2119532,8.7,710691.0
"26607693",敦刻尔克 Dunkirk,"2017","剧情,历史,战争",克里斯托弗·诺兰,"克,里,斯,托,弗,·,诺,兰","菲恩·怀特海德,汤姆·格林-卡尼,杰克·劳登,哈里·斯泰尔斯,阿奈林·巴纳德,汤姆·哈迪,马克·里朗斯,巴里·基奥恩,基里安·墨菲,詹姆斯·达西,肯尼思·布拉纳,李·阿姆斯特朗,詹姆斯·布鲁尔,达米安·勃纳尔,布莱恩·威纳尔,哈利·理查森,艾略特·提特恩索,凯文·格思里,巴比·洛克伍德,米歇尔·贝尔,比利·豪尔,迈克尔·凯恩,约翰·诺兰,米兰达·诺兰",, 英国 / 法国 / 美国 / 荷兰, tt5013056,8.4,644734.0
"2334904",禁闭岛 Shutter Island,"2010","剧情,悬疑,惊悚",莱塔·卡罗格里迪斯,"马,丁,·,斯,科,塞,斯","莱昂纳多·迪卡普里奥,马克·鲁弗洛,本·金斯利,马克斯·冯·叙多夫,米歇尔·威廉姆斯,艾米莉·莫迪默,派翠西娅·克拉克森,杰基·厄尔·哈利,泰德·拉文,约翰·卡洛·林奇,伊莱亚斯·科泰斯,罗宾·巴特利特,克里斯托弗·邓汉,约瑟夫·斯科拉",, 美国, tt1130884,8.8,858563.0
"1325958",蒂凡尼的早餐 Breakfast at Tiffany's,"1961","剧情,喜剧,爱情",杜鲁门·卡波特,"布,莱,克,·,爱,德,华,兹","奥黛丽·赫本,乔治·佩帕德,帕德里夏·妮尔,巴迪·艾布森,马丁·鲍尔萨姆,约瑟·路易斯·德·维拉龙卡,约翰·麦盖沃,多萝西·惠特尼,斯坦利·亚当斯,埃尔维亚·奥尔曼,艾伦·里德,克劳德·斯特劳德,米基·鲁尼",, 美国, tt0054698,8.1,216742.0
"1291822",卢旺达饭店 Hotel Rwanda,"2004","剧情,传记,历史,战争",凯尔·皮尔森,"特,瑞,·,乔,治","唐·钱德尔,苏菲·奥康内多,华金·菲尼克斯,尼克·诺特,哈基姆·凯-卡西姆,托尼·戈罗奇,法纳·莫科纳,大卫·奥哈拉,莫苏西·麦格诺,西莫·莫加瓦扎,卡拉·西摩,罗伯托·西特兰,德斯蒙德·杜布,蕾乐蒂·库马洛",, 英国 / 南非 / 意大利 / 美国, tt0395169,8.9,288931.0
"1308817",两小无猜 Jeux d'enfants,"2003","剧情,喜剧,爱情",杨·塞谬尔,"杨,·,塞,谬,尔","吉约姆·卡内,玛丽昂·歌迪亚,蒂博·费尔哈格,约瑟芬·勒巴-乔利,艾曼妞·格伦沃尔德,杰拉德·沃特金斯,吉尔·勒卢什,朱莉娅·福雷,Laëtizia Venezia Tarnowska,艾乐蒂·纳瓦,纳塔莉·纳捷,Robert Willar,Frédéric Geerts,Manuela Sanchez,Philippe Drecq",, 法国 / 比利时, tt0364517,7.9,434096.0
"1388216",撞车 Crash,"2004","剧情,犯罪",保罗·哈吉斯,"保,罗,·,哈,吉,斯","桑德拉·布洛克,唐·钱德尔,马特·狄龙,布兰登·费舍,泰伦斯·霍华德,坦迪·牛顿,卢达·克里斯,迈克尔·佩纳,詹妮弗·艾斯波西多,瑞恩·菲利普",, 美国 / 德国 / 澳大利亚, tt0375679,8.6,279668.0
"26657126",不成问题的问题,"2016",剧情,梅峰,"梅,峰","范伟,殷桃,张超,史依弘,王一鸣,王梓桐,蒋中炜,冯满天,梁霆炜,王侃伟,俞颖",, 中国大陆 / 法国, tt6128782,8.1,95022.0
"1291588",岁月的童话 おもひでぽろぽろ,"1991","剧情,爱情,动画",高畑勋,"高,畑,勋","今井美树,柳叶敏郎,本名阳子,高桥一生,饭冢雅弓,近藤芳正,北川智绘",, 日本, tt0102587,8.6,126538.0
"4824512",驯龙高手2 How to Train Your Dragon 2,"2014","动画,奇幻,冒险",迪恩·德布洛斯,"迪,恩,·,德,布,洛,斯","杰伊·巴鲁切尔,凯特·布兰切特,杰拉德·巴特勒,克雷格·费格森,亚美莉卡·费雷拉,乔纳·希尔,克里斯托夫·梅兹-普莱瑟,T·J·米勒,克里斯汀·韦格,杰曼·翰苏,基特·哈灵顿,基隆·埃利奥特,菲利普·麦格雷德,安德鲁·埃布尔森,吉迪恩·埃默里,西蒙·卡斯安德斯,兰迪·汤姆",, 美国, tt1646971,8.1,271347.0
"1291586",海底总动员 Finding Nemo,"2003","喜剧,动画,冒险",安德鲁·斯坦顿,"安,德,鲁,·,斯,坦,顿","艾伯特·布鲁克斯,艾伦·德杰尼勒斯,亚历山大·古尔德,威廉·达福,布拉德·加内特,艾莉森·珍妮,奥斯汀·潘德尔顿,斯蒂芬·鲁特,薇姬·刘易斯,乔·兰福特,杰弗里·拉什,安德鲁·斯坦顿,伊丽莎白·帕金斯,Nicholas Bird,鲍勃·彼德森,巴瑞·哈姆弗莱斯,艾瑞克·巴纳,布鲁斯·斯宾斯,比尔·亨特,Jordan Ranft,埃丽卡·贝克,埃里克·佩尔·沙利文,约翰·拉岑贝格",, 美国 / 澳大利亚, tt0266543,8.4,350204.0
"1297756",白雪公主和七个小矮人 Snow White and the Seven Dwarfs,"1937","爱情,动画,歌舞,家庭,奇幻",特德·西尔斯,"戴,维,·,汉,德","阿德里亚娜·卡塞洛蒂,罗伊·阿特威尔,Stuart Buchanan,Hall Johnson Choir",, 美国, tt0029583,8.4,107854.0
"1303907",百变狸猫 平成狸合戦ぽんぽこ,"1994","剧情,喜剧,动画,奇幻",高畑勋,"高,畑,勋","古今亭朝太時代,三木纪平,清川虹子,野野村真,石田百合子,泉谷茂,芦屋雁之助,村田雄浩",, 日本, tt0110008,8.5,85366.0
"1307394",千年女优 千年女優,"2001","剧情,爱情,动画",今敏,"今,敏","庄司美代子,小山茉美,折笠富美子,饭塚昭三,小野坂昌也,津田匠子,铃置洋孝,京田尚子,德丸完,片冈富枝,石森达幸,佐藤政道,小形满,麻生智久,游佐浩二,肥后诚,坂口候一,志村知幸,木村亚希子,佐伯志,野岛裕史,浅野琉璃,大中宽子,园部好德,大黑优美子,山寺宏一,津嘉山正种",, 日本, tt0291350,8.8,217765.0
"3178770",马达加斯加3 Madagascar 3: Europe's Most Wanted,"2012","喜剧,动画,冒险",诺亚·鲍姆巴赫,"康,拉,德,·,弗,农","本·斯蒂勒,克里斯·洛克,大卫·休默,贾达·萍克·史密斯,萨莎·拜伦·科恩,弗兰西斯·麦克多蒙德,杰西卡·查斯坦",, 美国, tt1277953,8.2,164170.0
"1292270",梦之安魂曲 Requiem for a Dream,"2000",剧情,小胡伯特·塞尔比,"达,伦,·,阿,伦,诺,夫,斯,基","艾伦·伯斯汀,杰瑞德·莱托,詹妮弗·康纳利,马龙·韦恩斯,克里斯托弗·麦克唐纳,露易丝·拉塞尔,玛西娅·让·库尔茨,珍妮特·萨诺,苏珊妮·谢泼德,夏洛特·阿罗诺夫斯基,马克·马戈利斯,迈克尔·卡切克,杰克·奥康耐,斯科特·富兰克林,亚伯拉罕·阿罗诺夫斯基,欧嘉·梅雷迪斯,本·申克曼,凯斯·大卫,迪伦·贝克,肖恩·奥哈根,比尔·布尔,吉米·雷·威克斯,斯坦利·B·赫尔曼",, 美国, tt0180093,8.8,181008.0
"1299661",苏州河,"2000","剧情,爱情",娄烨,"娄,烨","周迅,贾宏声,华仲凯,姚安濂,耐安",, 中国大陆 / 德国, tt0234837,8.2,190627.0
"1780330",致命魔术 The Prestige,"2006","剧情,悬疑,惊悚",乔纳森·诺兰,"克,里,斯,托,弗,·,诺,兰","休·杰克曼,克里斯蒂安·贝尔,迈克尔·凯恩,丽贝卡·豪尔,斯嘉丽·约翰逊,大卫·鲍伊,安迪·瑟金斯,派珀·佩拉博,萨曼塔·马霍林,丹尼尔·戴维斯,吉姆·皮多克,克里斯托弗·尼姆,马克·瑞安,罗杰·里斯,杰米·哈里斯,罗恩·帕金斯,瑞奇·杰,安东尼·德·马克,冀朝理",, 英国 / 美国, tt0482571,8.9,767370.0
"1322851",青红,"2005",剧情,王小帅,"王,小,帅","高圆圆,李滨,姚安濂,秦昊,王雪洋,汤杨,王小凡,戴文燕,林源,孙庆昌,尤芳明",, 中国大陆, tt0456658,7.1,49207.0
"1300566",赌侠 賭俠,"1990","剧情,喜剧",王晶,"王,晶","刘德华,周星驰,向华强,张敏,吴孟达,陈法蓉,柯受良,单立文,成奎安",, 中国香港, tt0101763,7.8,180123.0
"1292000",搏击俱乐部 Fight Club,"1999","剧情,动作,悬疑,惊悚",恰克·帕拉尼克,"大,卫,·,芬,奇","爱德华·诺顿,布拉德·皮特,海伦娜·伯翰·卡特,扎克·格雷尼尔,米特·洛夫,杰瑞德·莱托,艾恩·贝利,里奇蒙德·阿奎特,乔治·马奎尔",, 美国 / 德国 / 意大利, tt0137523,9.0,759455.0
"24875534",十二公民,"2014",剧情,李玉娇,"徐,昂","何冰,韩童生,钱波,赵龙豪,米铁增,高冬平,张永强,李光复,王刚,班赞,刘一辉,雷佳",, 中国大陆, tt3431598,8.4,328593.0
"1292343",蝴蝶效应 The Butterfly Effect,"2004","剧情,科幻,悬疑,惊悚",J·麦基·格鲁伯,"埃,里,克,·,布,雷,斯","阿什顿·库彻,梅洛拉·沃尔特斯,艾米·斯马特,埃尔登·汉森,威廉姆·李·斯科特,约翰·帕特里克·阿梅多利,艾琳·戈洛瓦娅,凯文·G·施密特,杰西·詹姆斯,罗根·勒曼,莎拉·威多斯,杰克·凯斯,卡梅隆·布莱特,埃里克·斯托尔兹,考乐姆·吉斯·雷尼,凯文·杜兰",, 美国 / 加拿大, tt0289879,8.8,835722.0
"1299466",宗方姐妹 宗方姉妹,"1950",剧情,小津安二郎,"小,津,安,二,郎","田中绢代,高峰秀子,笠智众 Chishû Ryû,上原谦",, 日本, tt0042762,7.8,1497.0
"24719063",烈日灼心,"2015","剧情,悬疑,犯罪",曹保平,"曹,保,平","邓超,段奕宏,郭涛,王珞丹,吕颂贤,高虎,白柳汐,杜志国",, 中国大陆, tt4079152,8.2,566642.0
"1292214",非常嫌疑犯 The Usual Suspects,"1995","悬疑,惊悚,犯罪",克里斯托弗·麦奎里,"布,莱,恩,·,辛,格","史蒂芬·鲍德温,加布里埃尔·伯恩,本尼西奥·德尔·托罗,凯文·波拉克,凯文·史派西,查兹·帕尔明特瑞,皮特·波斯尔思韦特,苏茜·爱米斯,吉安卡罗·埃斯波西托,丹·哈达亚,保罗·巴特尔,卡尔·布瑞斯勒,菲力浦·西蒙,杰克·希勒,克里斯汀·艾斯布鲁克",, 德国 / 美国, tt0114814,8.6,232399.0
"2161696",他其实没那么喜欢你 He's Just Not That Into You,"2009","剧情,喜剧,爱情",艾比·科恩,"肯,·,卡,皮,斯","詹妮弗·安妮斯顿,本·阿弗莱克,詹妮弗·康纳利,布莱德利·库珀,斯嘉丽·约翰逊,凯文·康诺利,德鲁·巴里摩尔,贾斯汀·朗,金妮弗·古德温,摩根·莉莉",, 美国 / 德国 / 荷兰, tt1001508,7.8,409342.0
"1292217",穆赫兰道 Mulholland Dr.,"2001","剧情,悬疑,惊悚",大卫·林奇,"大,卫,·,林,奇","娜奥米·沃茨,劳拉·哈灵,安·米勒,贾斯汀·塞洛克斯,斯科特·科菲,梅利莎·乔治,布兰特·布里斯科,罗伯特·福斯特,凯瑟琳·汤,李·格兰特,比利·雷·赛勒斯,查德·艾微特,丽塔·塔格特,詹姆斯·凯伦,洛里·海瑞,安哲罗·巴达拉曼提,迈克尔·德·巴雷斯,马库斯·格雷厄姆,丹·哈达亚,马克·佩雷格里诺,蒙蒂·蒙哥马利,迈克尔·J·安德森",, 法国 / 美国, tt0166924,8.4,396672.0
"3078609",爱情与灵药 Love & Other Drugs,"2010","剧情,喜剧,爱情",查尔斯·伦道夫,"爱,德,华,·,兹,威,克","安妮·海瑟薇,杰克·吉伦哈尔,朱迪·格雷尔,汉克·阿扎利亚,乔什·加德,奥利弗·普莱特,盖布瑞·马赫特,乔治·席格,吉尔·克雷伯格,凯特·詹宁斯·格兰特,凯瑟琳·温妮克",, 美国, tt0758752,7.2,195325.0
"1968790",福音战士新剧场版：序 ヱヴァンゲリヲン新劇場版：序,"2007","剧情,科幻,动画",庵野秀明,"庵,野,秀,明","绪方惠美,林原惠美,三石琴乃,山口由里子,石田彰,立木文彦,清川元梦,长泽美树,子安武人,优希比吕,关智一,岩永哲哉,岩男润子,麦人,西村知道,宇垣秀成,中博史,丸山咏二,大原沙耶香,永野广一,夏树莉绪,野田顺子,平松晶子,真殿光昭,村井每早,柳泽荣治,柳泽真由美,山岸功,山崎和佳奈,梁田清之,三木俊一郎,轰木一骑,村松京子,佐藤道广,山崎刚",, 日本, tt0923811,9.1,65542.0
"25983044",比利·林恩的中场战事 Billy Lynn's Long Halftime Walk,"2016","剧情,战争",让-克里斯托弗·卡斯特里,"李,安","乔·阿尔文,加内特·赫德兰,克里斯汀·斯图尔特,范·迪塞尔,李淳,麦肯兹·利,史蒂夫·马丁,克里斯·塔克,本·普拉特,阿图罗·卡斯特罗,亚斯特罗,博·纳普,伊斯梅尔·克鲁斯·科尔多瓦,巴尼·哈里斯,布鲁斯·麦金农,迪尔德丽·罗夫乔,劳拉·兰迪,艾伦·丹尼尔,兰迪·冈萨雷斯,蒂姆·布雷克·尼尔森",, 美国 / 英国 / 中国大陆, tt2513074,8.3,363333.0
"30466931",波斯语课 Persischstunden,"2020",剧情,伊尔佳·佐芬,"瓦,迪,姆,·,佩,尔,曼","纳威尔·佩雷兹·毕斯卡亚特,拉斯·艾丁格,约纳斯·奈伊,大卫·舒特,亚历山大·拜尔,安德里亚斯·霍佛尔,莉奥妮·贝尼希,朱塞佩·希拉奇,安托尼·查隆,菲利克斯·冯·布雷多,帕斯卡尔·艾尔索,马库斯·卡尔文",, 俄罗斯 / 德国 / 白俄罗斯, tt9738784,8.1,280891.0
"1419936",战争之王 Lord of War,"2005","剧情,犯罪",安德鲁·尼科尔,"安,德,鲁,·,尼,科,尔","尼古拉斯·凯奇,布丽姬·穆娜,杰瑞德·莱托,伊安·霍姆,伊桑·霍克,埃夫吉恩尼·拉扎雷夫,伊默恩·沃克,塔尼特·菲尼克斯",, 法国 / 德国 / 美国, tt0399295,8.7,323408.0
"1291990",爱在日落黄昏时 Before Sunset,"2004","剧情,爱情",理查德·林克莱特,"理,查,德,·,林,克,莱,特","伊桑·霍克,朱莉·德尔佩,弗农·多布切夫,路易丝·勒莫瓦纳·托雷斯,罗多尔·保利,玛丽安·普莱施泰格,迪亚博洛,丹尼·弗拉,艾伯特·德尔佩,玛丽·佩里",, 美国 / 法国, tt0381681,8.9,480048.0
"1434269",黑炮事件,"1986","剧情,喜剧",李唯,"黄,建,新","刘子枫,盖尔哈德·奥尔谢夫斯基,高明,杨亚洲,汪漪,杨凤良,王北龙,赵秀玲,戈辉,谢炜",, 中国大陆, tt0091190,8.6,24644.0
"1417728",我的邻居山田君 ホーホケキョとなりの山田くん,"1999","喜剧,动画,家庭",高畑勋,"高,畑,勋","朝丘雪路,益冈彻,荒木雅子,五十畑迅人,矢野显子",, 日本, tt0206013,8.8,49512.0
"11443314",里约大冒险2 Rio 2,"2014","喜剧,动画,冒险",唐·莱默,"卡,洛,斯,·,沙,尔,丹,哈","安妮·海瑟薇,杰西·艾森伯格,布鲁诺·马尔斯,杰米·福克斯,克里斯汀·肯诺恩斯,安迪·加西亚,莱斯利·曼恩,罗德里戈·桑托罗,阿曼德拉·斯坦伯格 ,杰克·T·奥斯汀,约翰·雷吉扎莫,杰梅奈·克莱门特,乔治·洛佩兹,丽塔·莫雷诺,皮尔斯·加格农,威廉姆·亚当斯,娜塔丽·莫瑞丝,埃里克·埃德尔斯坦,卡洛斯·沙尔丹哈",, 美国, tt2357291,7.7,123170.0
"1418640",听到涛声 海がきこえる,"1993","剧情,爱情,动画",冰室冴子,"望,月,智,充","飞田展男,坂本洋子,关俊彦,荒木香惠,绿川光,天野由梨,渡部猛,德丸完,有本钦隆,金丸淳一,佐藤蓝,铃木玲子,关智一,樱井敏治,山崎巧,三谷幸子,丸田麻里,真山亚子,久川绫,岛本须美",, 日本, tt0108432,8.2,73868.0
"1304603",小飞象 Dumbo,"1941","动画,歌舞,奇幻",狄克·休默,"宾,·,沙,普,斯,坦","詹姆斯·巴斯凯特,赫尔曼·宾 ,比利·布莱彻,爱德华·布罗菲,Jim Carmichael",, 美国, tt0033563,8.3,24875.0
"1292001",海上钢琴师 La leggenda del pianista sull'oceano,"1998","剧情,音乐",亚利桑德罗·巴里克,"朱,塞,佩,·,托,纳,多,雷","蒂姆·罗斯,普路特·泰勒·文斯,比尔·努恩,克兰伦斯·威廉姆斯三世,梅兰尼·蒂埃里,皮特·沃恩,尼尔·奥布赖恩,阿尔贝托·巴斯克斯,加布里埃莱·拉维亚,科里·巴克,西德尼·科尔,Luigi De Luca,尼古拉·迪·平托,费米·依鲁福祖,伊斯顿·盖奇,凯文·麦克纳利,布莱恩·普林格,沙拉·鲁宾,希思科特·威廉姆斯,阿妮妲·扎格利亚,安吉洛·迪洛雷塔",, 意大利, tt0120731,9.3,1509300.0
"1297995",美女与野兽 Beauty and the Beast,"1991","喜剧,爱情,动画,歌舞,奇幻",琳达·伍尔芙顿,"加,里,·,特,洛,斯,达,勒","佩吉·奥哈拉,罗比·本森,理查德·怀特,杰里·奥尔巴赫,戴维·奥格登·施蒂尔斯,安吉拉·兰斯伯瑞,布莱德利·皮尔斯,雷克斯·埃弗哈特,杰西·科尔蒂,哈尔·史密斯,乔·安妮·沃利,玛丽·凯·伯格曼,布瑞恩·卡明斯,阿尔文·爱泼斯坦,托尼·杰,亚历克·墨菲,金米·罗伯特森,凯斯·索西,弗兰克·维尔克",, 美国, tt0101414,8.5,163281.0
"2303163",超级大坏蛋 Megamind,"2010","喜剧,动作,动画",艾伦·J·斯库尔克拉夫特,"汤,姆,·,麦,格,拉,思","威尔·法瑞尔,乔纳·希尔,布拉德·皮特,蒂娜·菲,大卫·克罗斯,贾斯汀·塞洛克斯,本·斯蒂勒,杰西卡·舒尔特,汤姆·麦格拉思,艾米莉·诺德万",, 美国, tt1001526,7.8,120642.0
"1291879",罗生门 羅生門,"1950","剧情,悬疑,犯罪",黑泽明,"黑,泽,明","三船敏郎,京町子,森雅之,志村乔,千秋实,上田吉二郎,本间文子,加东大介",, 日本, tt0042876,8.8,277397.0
"20020577",推拿,"2014",剧情,马英力,"娄,烨","郭晓东,秦昊,张磊,梅婷,黄轩,黄璐,黄军军,姜丹,穆怀鹏",, 中国大陆 / 法国, tt3469964,8.0,181769.0
"1298759",狗镇 Dogville,"2003","剧情,悬疑,惊悚",拉斯·冯·提尔,"拉,斯,·,冯,·,提,尔","妮可·基德曼,哈里特·安德森,劳伦·白考尔,保罗·贝坦尼,詹姆斯·肯恩,派翠西娅·克拉克森,杰瑞米·戴维斯,菲利普·贝克·霍尔,汤姆·霍夫曼,希博汗·法隆,约翰·赫特,科洛·塞维尼,斯特兰·斯卡斯加德",, 丹麦 / 瑞典 / 挪威 / 芬兰 / 英国 / 法国 / 德国 / 荷兰 / 意大利, tt0276919,8.4,137530.0
"1400665",济公 濟公,"1993","喜剧,奇幻",邵丽琼,"杜,琪,峰","周星驰,张曼玉,吴孟达,黄秋生,梅艳芳,苑琼丹,卢海鹏,黄一飞",, 中国香港, tt0106538,7.5,130374.0
"1299745",破坏之王 破壞之王,"1994","喜剧,动作",谷德昭,"李,力,持","周星驰,吴孟达,钟丽缇,林国斌,李力持,古巨基,郑祖,黄一山,黄一飞,林雪,张学友,梁荣忠,谷德昭,黎彼得,秦沛,郑家生,周比利",, 中国香港, tt0110852,7.8,156010.0
"1397546",追随 Following,"1998","悬疑,惊悚,犯罪",克里斯托弗·诺兰,"克,里,斯,托,弗,·,诺,兰","杰里米·西奥伯德,亚历克斯·霍,露西·拉塞尔,约翰·诺兰,迪克·布拉德塞尔,吉莉安·艾尔-卡迪,詹妮弗·安格,尼古拉斯·卡洛蒂,达伦·奥曼迪,盖·格林威,塔索斯·史蒂文斯,特里斯坦·马丁,瑞贝卡·詹姆斯,保罗·曼森,大卫·博维尔,大卫·朱莱安,芭芭拉·斯特潘斯基,艾玛·托马斯,戴安娜·札克",, 英国, tt0154506,8.9,163642.0
"26610229",方形 The Square,"2017",喜剧,鲁本·奥斯特伦德,"鲁,本,·,奥,斯,特,伦,德","克拉斯·邦,伊丽莎白·莫斯,多米尼克·韦斯特,泰瑞·诺塔里,克里斯托弗·莱索,玛丽娜·希彭蔻",, 瑞典 / 德国 / 法国 / 丹麦, tt4995790,7.7,39282.0
"11510624",全民目击,"2013","剧情,悬疑,犯罪",非行,"非,行","孙红雷,余男,郭富城,邓家佳,赵立新,佟丽娅,倪虹洁,陈思诚,周韦彤,廖晓琴,谭松韵,丁子烁",, 中国大陆, tt3204696,7.8,313850.0
"1404702",稻妻 稲妻,"1952",剧情,田中澄江,"成,濑,巳,喜,男","高峰秀子,三浦光子,村田知英子,香川京子",, 日本, tt0044745,8.2,1233.0
"1498831",恋爱假期 The Holiday,"2006","喜剧,爱情",南希·迈耶斯,"南,希,·,迈,耶,斯","卡梅隆·迪亚兹,凯特·温丝莱特,裘德·洛,杰克·布莱克,埃里·瓦拉赫,爱德华·伯恩斯,卢夫斯·塞维尔,詹姆斯·弗兰科,达斯汀·霍夫曼,琳赛·洛翰",, 美国, tt0457939,7.7,146495.0
"1981242",午夜巴塞罗那 Vicky Cristina Barcelona,"2008","剧情,爱情",伍迪·艾伦,"伍,迪,·,艾,伦","丽贝卡·豪尔,斯嘉丽·约翰逊,哈维尔·巴登,佩内洛普·克鲁兹,克里斯·梅西纳,派翠西娅·克拉克森,胡里奥·佩里兰",, 西班牙 / 美国, tt0497465,7.8,217273.0
"1293555",电子情书 You've Got Mail,"1998","喜剧,爱情",迪莉娅·艾芙隆,"诺,拉,·,艾,芙,隆","汤姆·汉克斯,梅格·瑞恩,凯蒂·萨戈纳,格雷戈·金尼尔,帕克·波西",, 美国, tt0128853,7.8,96453.0
"2028645",拆弹部队 The Hurt Locker,"2008","剧情,惊悚,战争",马克·鲍尔,"凯,瑟,琳,·,毕,格,罗","杰瑞米·雷纳,安东尼·麦凯,布莱恩·格拉格提,克里斯托弗·沙耶,大卫·摩斯,拉尔夫·费因斯,盖·皮尔斯,克里斯蒂安·卡玛戈,伊万杰琳·莉莉",, 美国, tt0887912,7.8,165688.0
"2053515",曾经 Once,"2007","剧情,爱情,音乐",约翰·卡尼,"约,翰,·,卡,尼","格伦·汉塞德,玛可塔·伊尔格洛娃",, 爱尔兰, tt0907657,8.3,267710.0
"1296436",有话好好说,"1997","剧情,喜剧",述平,"张,艺,谋","姜文,李保田,瞿颖,刘信义,葛优,李雪健,尤勇智,张艺谋,赵本山,焦刚,梁冠华,李琦,方青卓,杜旭东,傅彪,陈晓花,李强,常戎,张伟平",, 中国大陆, tt0120543,8.4,192486.0
"1291565",疯狂约会美丽都 Les triplettes de Belleville,"2003","喜剧,动画",希尔万·肖默,"希,尔,万,·,肖,默","比阿特丽斯·博尼法西,莉娜·布德罗,米歇尔·库谢图",, 法国 / 比利时 / 加拿大 / 英国 / 拉脱维亚, tt0286244,8.7,79345.0
"3101548",天才眼镜狗 Mr. Peabody & Sherman,"2014","喜剧,科幻,动画,冒险",杰伊·沃德,"罗,伯,·,明,可,夫","泰·布利尔,麦克斯·查尔斯,罗莉·弗雷泽,吉约姆·阿瑞托斯,帕特里斯·A·缪吉克,阿芮尔·温特,卡兰·布拉尔,约书亚·拉什,斯蒂芬·托布罗斯基,艾莉森·珍妮,丹尼斯·海斯伯特,史蒂芬·寇贝尔,莱斯利·曼恩,扎克·卡利森,史蒂夫·瓦伦丁",, 美国, tt0864835,7.6,85139.0
"3187790",空之境界 第五章 矛盾螺旋 劇場版 空の境界 第五章 矛盾螺旋,"2008",动画,平松正树,"平,尾,隆,之","坂本真绫,柿原彻也,中田让治,游佐浩二,五十岚裕美,山野井仁,伊藤美纪,东地宏树,藤村步,本田贵子,铃村健一",, 日本, tt1278060,9.3,22430.0
"25773932",爆裂鼓手 Whiplash,"2014","剧情,音乐",达米恩·查泽雷,"达,米,恩,·,查,泽,雷","迈尔斯·特勒,J·K·西蒙斯,保罗·雷瑟,梅莉莎·班诺伊,奥斯汀·斯托维尔,内特·朗,克里斯·马尔基,达蒙·冈普顿,Suanne Spoke,马科斯·卡锡,Charlie Ian,杰森·布莱尔,科菲·斯里博伊,卡维塔帕蒂尔,C.J. Vana,塔里克·洛维,卡尔文·C·温布什,迈克尔·D·科恩,艾普尔·格雷斯,马库斯·亨德森,亨利·G.桑德斯,温迪·李,米歇尔·拉夫",, 美国, tt2582802,8.7,512046.0
"1422063",最终幻想7：圣子降临 ファイナルファンタジーⅦ アドベントチルドレン,"2005","动作,科幻,动画,惊悚",野岛一成,"野,村,哲,也","樱井孝宏,伊藤步,森久保祥太郎,森川智之,坂本真绫,大川透,藤原启治,楠大典,岸祐二,乃村健次,铃木省吾,小林正宽,山路和弘,嘉数由美,石川英郎,市村正亲,诸星堇,诹访部顺一,丰口惠美,银河万丈,铃村健一,田村睦心,日笠阳子,森田成一",, 日本, tt0385700,8.3,55543.0
"1300044",谋杀绿脚趾 The Big Lebowski,"1998","喜剧,犯罪",乔尔·科恩,"乔,尔,·,科,恩","杰夫·布里吉斯,约翰·古德曼,朱丽安·摩尔,史蒂夫·布西密,大卫·霍德尔斯顿,菲利普·塞默·霍夫曼,塔拉·雷德,菲利普·穆恩,马克·佩雷格里诺,彼得·斯特曼,弗利,托尔斯滕·沃格斯,Jimmie Dale Gilmore,杰克·科勒尔,约翰·特托罗,卡洛斯·里昂,理查德·甘特,克里斯蒂安·克莱门松,大卫·休里斯,迈克·戈麦斯,山姆·艾里奥特",, 美国 / 英国, tt0118715,7.7,52056.0
"1307031",星际牛仔：天国之门 カウボーイビバップ 天国の扉,"2001","剧情,喜剧,动作,科幻,动画,惊悚,犯罪",矢立肇,"渡,边,信,一,郎","山寺宏一,石冢运升,林原惠美,多田葵,屋良有作,井上和彦,小杉十郎太,有本钦隆,柴田秀胜,上田祐司,飞田展男,小山力也,小林爱,平尾仁,中岛聪彦,中博史,垂木勉,长泽美树,秋元羊介,一条和矢,依田英助,长嶝高士,小山武宏,仲野裕,桑岛法子,天田益男,菅原淳一,千叶一伸,小西克幸,松本和香子,村井每早,石桥莲司,五十岚信次郎,矶部勉",, 日本 / 美国, tt0275277,8.9,32748.0
"1295873",偷自行车的人 Ladri di biciclette,"1948","剧情,犯罪",阿道夫·弗兰奇,"维,托,里,奥,·,德,西,卡","兰贝托·马乔拉尼,恩佐·斯泰奥拉,莉安拉·卡雷尔,吉诺·萨尔塔梅伦达,维托里奥·安东努奇",, 意大利, tt0040522,9.1,84845.0
"7065417",天降美食2 Cloudy with a Chance of Meatballs 2,"2013","喜剧,动画,奇幻",约翰·弗朗西斯·戴利,"科,迪,·,卡,梅,伦","比尔·哈德尔,威尔·福特,尼尔·帕特里克·哈里斯,安娜·法瑞丝,安迪·萨姆伯格,泰瑞·克鲁斯,詹姆斯·肯恩,本杰明·布拉特,克里斯汀·沙尔",, 美国, tt1985966,7.3,44302.0
"27172891",大象席地而坐,"2018",剧情,胡波,"胡,波","彭昱畅,章宇,王玉雯,李丛喜,董向荣,王柠,赵燕国彰,朱颜曼滋,凌正辉,王超北,王雪洋",, 中国大陆, tt8020896,8.1,169936.0
"4074292",凉宫春日的消失 涼宮ハルヒの消失,"2010","喜剧,科幻,动画",谷川流,"石,原,立,也","平野绫,杉田智和,茅原实里,青木沙耶香,后藤邑子,桑谷夏子,松元惠,松冈由贵,小野大辅,白石稔,足立友,原田瞳,相泽舞,浅利辽太,小幡记子",, 日本, tt1572781,9.1,31907.0
"1293323",大红灯笼高高挂,"1991",剧情,倪震,"张,艺,谋","巩俐,马精武,何赛飞,曹翠芬,周琦,孔琳,金淑媛,丁惟敏,初晓",, 中国大陆 / 中国香港 / 中国台湾, tt0101640,8.7,222629.0
"1293607",算死草,"1997","剧情,喜剧",马伟豪,"马,伟,豪","周星驰,葛民辉,莫文蔚,邱淑贞,林保怡,刘以达,黄伟文,罗家英,陈豪,张达明,李兆基",, 中国香港, tt0133059,7.0,91805.0
"3836070",孤独的幸存者 Lone Survivor,"2013","剧情,动作,传记,战争",彼得·博格,"彼,得,·,博,格","马克·沃尔伯格,泰勒·克奇,埃米尔·赫斯基,本·福斯特,艾瑞克·巴纳",, 美国 / 英国, tt1091191,8.1,57686.0
"1307747",情圣 情聖,"1991",喜剧,李力持,"李,力,持","周星驰,毛舜筠,恬妞,叶子楣,午马,张耀扬,元华,朱咪咪,麦嘉,吴君如",, 中国香港, tt0102737,7.5,89623.0
"26337866",路边野餐,"2015",剧情,毕赣,"毕,赣","陈永忠,谢理循,余世学,郭月,赵达清,罗飞扬,曾帅,秦光黔,刘林艳,杨卓华,杨江船,欧孟军,吴得水,宋大成,廖冬凯",, 中国大陆, tt4613272,7.9,150066.0
"1310178",爱丽丝梦游仙境 Alice in Wonderland,"1951","动画,歌舞,奇幻,冒险",路易斯·卡罗尔,"克,莱,德,·,杰,洛,尼,米","凯瑟琳·博蒙特,埃德·温,理查德·海顿",, 美国, tt0043274,8.6,23247.0
"1404698",母亲 おかあさん,"1952",剧情,水木洋子,"成,濑,巳,喜,男, ,(,M,i,k,i,o, ,N,a,r,u,s,e,)","田中绢代,香川京子",, 日本, tt0044986,8.0,741.0
"1301230",夺魂索 Rope,"1948","悬疑,惊悚,犯罪",休姆·克罗宁,"阿,尔,弗,雷,德,·,希,区,柯,克","约翰·道尔,法利·格兰杰,詹姆斯·斯图尔特,伊迪丝·埃文森,道格拉斯·迪克,琼·钱德勒,塞德里克·哈德威克,康丝坦斯·柯莉儿,Dick Hogan",, 美国, tt0040746,8.1,47869.0
"1301757",狮子王2：辛巴的荣耀 The Lion King II: Simba's Pride,"1998","喜剧,动画,冒险",弗利普·科布勒,"达,雷,尔,·,鲁,尼","马修·布罗德里克,莫伊拉·凯利,内芙·坎贝尔",, 美国 / 澳大利亚, tt0120131,7.8,57902.0
"1433577",赛末点 Match Point,"2005","剧情,爱情,悬疑,犯罪",伍迪·艾伦,"伍,迪,·,艾,伦","乔纳森·莱斯·梅耶斯,斯嘉丽·约翰逊,马修·古迪,艾米莉·莫迪默,布莱恩·考克斯,米兰达·莱森",, 英国 / 美国 / 爱尔兰 / 卢森堡, tt0416320,8.1,159316.0
"1917171",硫磺岛的来信 Letters from Iwo Jima,"2006","剧情,历史,战争",山下爱丽斯,"克,林,特,·,伊,斯,特,伍,德","渡边谦,二宫和也,加濑亮,中村狮童,伊原刚志,裕木奈江,松崎悠希",, 美国, tt0498380,8.2,61167.0
"30212622",前哨 The Outpost,"2020","剧情,历史,战争",埃瑞克·约翰逊,"罗,德,·,拉,里","斯科特·伊斯特伍德,奥兰多·布鲁姆,卡赖伯·兰德里·琼斯,雅各布·西皮奥,杰克·凯西,米洛·吉布森,阿历克斯·阿诺,塞莱娜·辛顿,泰勒·约翰·史密斯,科里·哈德里克,巴比·洛克伍德,威尔·阿滕伯勒,法希姆·法兹利,詹姆斯·贾格尔,科瓦米·帕特森,阿尔菲·斯图尔特",, 保加利亚 / 美国, tt3833480,7.2,20580.0
"1307014",不见不散,"1998","喜剧,爱情",顾晓阳,"冯,小,刚","葛优,徐帆",, 中国大陆, tt0199354,7.9,142012.0
"1301890",浓情巧克力 Chocolat,"2000","剧情,爱情",罗伯特·尼尔森·雅各布斯,"拉,斯,·,霍,尔,斯,道,姆","朱丽叶·比诺什,薇朵儿·希维索,朱迪·丹奇,阿尔弗雷德·莫里纳,莉娜·奥琳,凯瑞-安·莫斯,约翰尼·德普,盖南·科内尔,休·奥康纳,约翰·伍德,彼得·斯特曼,莱斯莉·卡伦,阿诺德·亚当,J.J. Holiday",, 英国 / 美国, tt0241303,8.0,109842.0
"1764361",四月一日灵异事件簿剧场版：仲夏夜之梦 劇場版xxxHOLiC 真夏ノ夜ノ夢,"2005",动画,CLAMP,"水,岛,努","大原沙耶香,福山润,中井和哉,伊藤静,望月久代,菊地美香,松尾佳子,柚木凉香,松野太纪,楠见尚己,平川大辅,喜多川拓郎,福松进纱,小阪由佳,峰敦子,矢尾一树,入野自由,坂本真绫",, 日本, tt0466405,8.7,11315.0
"1297131",圣诞夜惊魂 The Nightmare Before Christmas,"1993","动画,音乐,奇幻",蒂姆·波顿,"亨,利,·,塞,利,克","丹尼·艾夫曼,克里斯·萨兰登,凯瑟琳·欧哈拉,威廉·赫基,格伦·沙迪克斯,保罗·雷宾斯,肯·帕吉,黛比·德斯特,格雷格·普罗普斯",, 美国, tt0107688,8.2,101307.0
"1844413",八月迷情 August Rush,"2007","剧情,爱情,音乐",尼克·卡斯特尔,"科,斯,汀,·,谢,里,丹","乔纳森·莱斯·梅耶斯,弗莱迪·海默,罗宾·威廉姆斯,凯丽·拉塞尔,泰伦斯·霍华德",, 美国, tt0426931,8.3,150337.0
"1291569",大都会 メトロポリス,"2001","科幻,动画,冒险",大友克洋,"林,太,郎","井元由香,小林希唯,冈田浩晖,石田太郎,富田耕生,若本规夫,泷口顺平,青野武,池田胜,八代骏,古川登志夫,千叶繁,江原正士,土师孝也,井上伦宏,爱河里花子,麻生智久,天田真人,佐佐木健,涉谷茂,志村知幸,杉田智和,铃村健一,园部启一,千叶进步,肥后诚,小山茉美,皆口裕子,松本梨香,隆大介,柳濑嵩,永井豪,林优,本多俊之,冈田梢,DJ太郎,福之上达也,鲇贝健,铃木裕介",, 日本, tt0293416,8.1,30481.0
"3227319",幸运星 OVA らき☆すた OVA,"2008",动画,美水镜,"武,本,康,弘","平野绫,加藤英美里,福原香织,远藤绫,井上喜久子,升望,明坂聪美,岩男润子,前田近美,小菅真美,长谷川静香,茅原实里,佐佐木望,清水香里,水原薰,相泽舞,渡边久美子,小樱悦子,关智一,立木文彦,松本和香子,白石稔",, 日本, tt1418729,8.9,5820.0
"1292222",出租车司机 Taxi Driver,"1976","剧情,犯罪",保罗·施拉德,"马,丁,·,斯,科,塞,斯","罗伯特·德尼罗,朱迪·福斯特,斯碧尔·谢波德,艾伯特·布鲁克斯,哈威·凯特尔,戴安娜·阿伯特,维克多·阿尔果,吉诺·阿迪托,彼得·博伊尔,布伦达·迪克森",, 美国, tt0075314,8.5,181352.0
"1308857",可可西里,"2004","剧情,犯罪",陆川,"陆,川","多布杰,张垒,奇道,赵雪莹,马占林,赵一穗",, 中国大陆 / 中国香港, tt0386651,8.8,267406.0
"1306505",红高粱,"1988","剧情,爱情,历史,战争",莫言,"张,艺,谋","巩俐,姜文,滕汝骏,钱明,陈志刚,计春华",, 中国大陆, tt0093206,8.4,229902.0
"6844861",命运石之门剧场版：负荷领域的既视感 劇場版 STEINS;GATE 負荷領域のデジャヴ,"2013",动画,花田十辉,"佐,藤,卓,哉","宫野真守,今井麻美,花泽香菜,田村由香里,桃井晴子,小林优,后藤沙绪里,关智一,寺杣昌纪,山本彩乃",, 日本, tt2967286,8.8,16200.0
"5157137",勇者行动 Act of Valor,"2012","剧情,动作,战争",库尔特·约恩斯塔德,"迈,克,·,麦,科,伊","罗塞莉·桑切斯,埃米里奥·瑞弗拉,内斯特·塞拉诺,冈萨洛·门内德斯,卡拉·吉门内斯",, 美国, tt1591479,7.7,38317.0
"1401588",法外之徒 Bande à part,"1964","剧情,犯罪",多洛雷斯·希钦斯,"让,-,吕,克,·,戈,达,尔","安娜·卡里娜,达妮埃尔·吉拉尔,路易莎·科尔佩恩,尚塔尔·达尔热,萨米·弗雷,克洛德·布拉瑟,Georges Staquet,Ernest Menzer,让-克洛德·勒莫勒,米歇尔·德拉海耶,让-吕克·戈达尔,Monsieur Jojot,克洛德·马科夫斯基,Michèle Seghers",, 法国, tt0057869,8.6,19678.0
"1297880",芙蓉镇,"1987","剧情,爱情",阿城,"谢,晋","刘晓庆,姜文,郑在石,张光北,徐松子,祝士彬,刘利年",, 中国大陆, tt0087301,9.2,104436.0
"21263666",美国狙击手 American Sniper,"2014","动作,传记,战争",杰森·霍尔,"克,林,特,·,伊,斯,特,伍,德","布莱德利·库珀,西耶娜·米勒,卢克·葛莱姆斯,凯尔·加尔纳,杰克·麦克道曼,山姆·贾格,基尔·奥唐纳,艾瑞克·克罗斯,布莱恩·哈利塞,科里·哈德里克,玛内特·帕特森,埃里克·拉丁,纳维德·内加班,阿萨夫·科恩,萨米·谢伊克",, 美国, tt2179136,7.7,110463.0
"26220717",危机13小时 13 Hours: The Secret Soldiers of Benghazi,"2016","剧情,动作,惊悚,战争",查克·霍根,"迈,克,尔,·,贝","詹姆斯·戴尔,约翰·卡拉辛斯基,马克斯·马蒂尼,多米尼克·福穆萨,巴勃罗·施瑞博尔,大卫·丹曼,马特·莱斯切尔,托比·斯蒂芬斯,艾莉克西娅·芭利尔,弗雷迪·史卓玛,大卫·科斯塔贝尔,莉莎·伊娃斯蒂娜,安德烈·克劳德,大卫·君图力",, 美国, tt4172430,7.8,68340.0
"1766086",太阳照常升起,"2007","剧情,奇幻",过士行,"姜,文","房祖名,周韵,姜文,黄秋生,陈冲,孔维,崔健,李加民",, 中国大陆, tt0769507,8.3,247655.0
"26633257",地球最后的夜晚,"2018","剧情,爱情,悬疑",毕赣,"毕,赣","汤唯,黄觉,张艾嘉,李鸿其,陈永忠,罗飞扬,曾美慧孜,段钧豪,谢理循,齐溪,明道,龙泽治",, 中国大陆 / 法国, tt8185182,6.9,204055.0
"1467016",杏子 杏っ子,"1958",剧情,成濑巳喜男,"成,濑,巳,喜,男","山村聪,香川京子",, 日本, tt0051367,7.8,209.0
"1499148",蓝莓之夜 My Blueberry Nights,"2007","剧情,爱情",王家卫,"王,家,卫","裘德·洛,诺拉·琼斯,查得·R·戴维斯,卡佳·布铭邦,蕾切尔·薇兹,娜塔莉·波特曼,猫女魔力,弗兰基·费森,大卫·斯特雷泽恩,安德莱内·列诺斯,本杰明·凯恩,Michael May,迈克尔·德拉诺,扬·福尔克,蒂·艾萨基尔多,劳里·约翰逊,杰姬·摩尔,Kenon Walker",, 美国 / 法国 / 中国大陆 / 中国香港, tt0765120,7.7,152537.0
"3660130","12勇士 12 Strong","2018","剧情,动作,历史,战争",泰德·塔里,"尼,科,莱,·,弗,格,西,格","克里斯·海姆斯沃斯,迈克尔·珊农,迈克尔·佩纳,纳维德·内加班,崔凡特·罗兹,吉欧夫·斯图兹,萨德·拉金比尔,奥斯汀·赫伯特,奥斯汀·斯托维尔,本·奥图尔,肯尼斯·米勒,肯尼·谢尔德,杰克·凯西,罗伯·里格尔,威廉·菲克纳,阿希亚·曼达维,埃尔莎·帕塔奇,玛丽·瓦根曼,劳伦·迈尔斯,阿利森·金,莱斯·纳克里,法希姆·法兹利,纽曼·阿卡,塞斯·艾德金斯,泰勒·谢里丹",, 美国, tt1413492,6.8,21311.0
"1401604",狮子王3 The Lion King 1½,"2004","喜剧,动画,冒险",汤姆·罗杰斯,"布,拉,德,利,·,雷,蒙,德","内森·连恩,埃林·萨贝拉,马修·布罗德里克,杰瑞·斯蒂勒,乌比·戈德堡",, 澳大利亚 / 美国, tt0318403,7.9,33503.0
"1441238",面纱 The Painted Veil,"2006","剧情,爱情",罗恩·内斯万尼尔,"约,翰,·,卡,兰","爱德华·诺顿,娜奥米·沃茨,托比·琼斯,黛安娜·里格,黄秋生,列维·施瑞博尔,朱丽叶·霍兰德,艾伦·戴维,露西·弗勒,玛姬·斯蒂德,佐伊·特尔福德,夏雨,吕燕,冯瓅,玛丽-洛尔·德库洛,凯瑟琳·安,李滨,洛琳·劳伦斯,伊恩·伦威克,程思寒,亨利·赛洛",, 美国 / 中国大陆 / 加拿大, tt0446755,8.3,150774.0
"6518638",艾特熊和赛娜鼠 Ernest et Célestine,"2012",动画,达尼埃尔·佩纳克,"斯,特,凡,·,奥,比,尔","朗贝尔·维尔森,波利娜·布伦纳,安妮-玛丽·卢珀,皮埃尔·巴顿,多米尼克·莫林,布丽奇特·维图德斯,帕特里斯·梅勒内克,费奥多尔·阿特金,扬·勒·马迪克,伦纳德·卢夫,文森特·格拉斯,帕特里斯·多齐尔,雅克·西龙,佩蕾特·普拉迪耶,福里斯特·惠特克,麦肯吉·弗依,劳伦·白考尔,保罗·吉亚玛提,威廉姆·H·梅西,梅根·莫拉莉,尼克·奥弗曼,杰弗里·怀特",, 法国, tt1816518,8.9,41320.0
"1440703",爱再来一次 If Only,"2004","剧情,喜剧,爱情,奇幻",Christina Welsh,"吉,尔,·,约,格,尔","詹妮弗·洛芙·休伊特,保罗·尼科尔斯,汤姆·威尔金森,黛安娜·哈卡索,露茜·达文波特,内维尔·菲利普斯",, 美国 / 英国, tt0332136,8.0,76233.0
"1291840",走出非洲 Out of Africa,"1985","剧情,爱情,传记,冒险",卡琳·布里克森,"西,德,尼,·,波,拉,克","梅丽尔·斯特里普,罗伯特·雷德福,克劳斯·马利亚·布朗道尔,迈克尔·基臣,马利克·鲍恩斯,迈克尔·高夫,苏珊娜·汉密尔顿,瑞切尔·凯姆普森,格拉汉姆·克罗登,莱斯利·菲利普斯,谢恩·里默,多纳尔·麦卡恩,Kenneth Mason,Tristram Jellinek,史蒂芬·B·格里姆斯,Annabel Maule,Benny Young,Niven Boyd,伊曼",, 美国, tt0089755,8.6,81467.0
"3117775",魔卡少女樱 剧场版 カードキャプターさくら 劇場版,"1999","动画,奇幻,冒险",CLAMP,"浅,香,守,生","丹下樱,久川绫,岩男润子,熊井统子,关智一,绪方惠美,野上尤加奈,田中秀幸,井上喜久子,山口由里子,芝原智矢子,涌泽利香,菅原祥子,三石琴乃,古泽彻,田中伸幸,泽律雄,林一夫,林原惠美",, 日本, tt0301082,8.5,11043.0
"3239699",战队长悠哉游哉的一天 わりとヒマな戦隊長の一日,"2006","剧情,动画,短片",賀东招二,"武,本,康,弘","関智一,三木眞一郎,根谷美智子,ゆかな",, 日本, tt1091866,8.1,2960.0
"25774760",虫师 蚀日之翳 蟲師 日蝕む翳,"2014","动画,短片",漆原友纪,"长,滨,博,史","中野裕斗,渡边优奈,佐佐木りお,土井美加,上田祐司",, 日本, tt3539986,9.3,11388.0
"1857099",老无所依 No Country for Old Men,"2007","剧情,惊悚,犯罪",乔尔·科恩,"伊,桑,·,科,恩","汤米·李·琼斯,哈维尔·巴登,乔什·布洛林,伍迪·哈里森,凯莉·麦克唐纳,加瑞特·迪拉胡特,泰丝·哈珀,巴里·柯宾,斯蒂芬·鲁特,贝丝·格兰特,安娜·里德,姬特·格温,吉因·琼斯,迈克·沃特福德",, 美国, tt0477348,8.3,263629.0
"1457127",迷宫物语 迷宮物語,"1987","科幻,动画,恐怖,奇幻,冒险",川尻善昭,"川,尻,善,昭","吉田日出子,津嘉山正种,水岛裕,家弓家正,八奈见乘儿,大竹宏,银河万丈,屋良有作,田中和实",, 日本, tt0185481,8.1,7449.0
"1293527",美国X档案 American History X,"1998","剧情,犯罪",戴维·麦克纳,"托,尼,·,凯,耶","爱德华·诺顿,爱德华·福隆,比佛莉·德安姬罗,艾弗利·布鲁克斯",, 美国, tt0120586,8.5,89589.0
"1401915",红圈 Le cercle rouge,"1970","剧情,惊悚,犯罪",让-皮埃尔·梅尔维尔,"让,-,皮,埃,尔,·,梅,尔,维,尔","阿兰·德龙,布尔维尔,吉安·马里亚·沃隆特,伊夫·蒙当,保罗·克罗谢,弗朗索瓦·佩里埃",, 法国 / 意大利, tt0065531,8.3,9100.0
"1307708",马路天使 馬路天使,"1937","剧情,喜剧",袁牧之,"袁,牧,之","周璇,赵丹,魏鹤龄,钱千里",, 中国大陆, tt0183828,8.6,24101.0
"2063528",盲山,"2007","剧情,犯罪",李杨,"李,杨","黄璐,杨幼安,贺运乐,张玉玲,张友平,李杨",, 中国大陆, tt1020972,8.7,154473.0
"1308070",老井,"1986","剧情,爱情",郑义,"吴,天,明","张艺谋,梁玉瑾,吕丽萍,牛星丽,解衍,平兰庭,赵世基,郝教勇,穆牧,谭希和,李京京,詹小林,骞焕德,丁惟敏,张慕芹,李万年,李金榜,路辉,程森林",, 中国大陆, tt0091377,8.0,18582.0
"10558440",乐园追放 楽園追放,"2014","科幻,动画",虚渊玄,"水,岛,精,二","钉宫理惠,三木真一郎,神谷浩史,林原惠美,高山南,三石琴乃,稻叶实,江川央生,上村典子,三宅健太,远藤大智,安济知佳,半田裕典,荒井聪太,金本凉辅,新井良平,森下由树子,刘婧荦,野口百合,小川慎太郎,小池万瑠美,古谷彻",, 日本, tt2859246,8.2,7659.0
"1297589",恶汉甜梦 悪い奴ほどよく眠る,"1960","剧情,惊悚,犯罪",小国英雄,"黑,泽,明","三船敏郎,森雅之,香川京子,三桥达也,志村乔,西村晃,加藤武,藤原釜足,笠智众,宫口精二,三井弘次,三津田健,中村伸郎,藤田进,南原宏治,清水元,田岛义文,土屋嘉男,山茶花究,菅井琴,贺原夏子,一之宫敦子,佐田丰,泽村伊纪雄,横森久,田中邦卫",, 日本, tt0054460,8.4,6875.0
"11499092",空之境界 未来福音 劇場版 空の境界 未来福音,"2013",动画,奈须蘑菇,"须,藤,友,德","坂本真绫,铃村健一,本田贵子,井口裕香,石田彰,金元寿子,藤村步,东地宏树,大西沙织,松本和香子",, 日本, tt2983564,9.1,9829.0
"26878883",野梨树 Ahlat Ağacı,"2018",剧情,阿克·阿克苏,"努,里,·,比,格,·,锡,兰","岛吾·德米尔考,穆拉特·杰姆吉尔,本努·耶勒德热姆拉尔,哈扎尔·埃尔居奇卢,塞尔坎·凯斯金,塔梅尔·莱文特,厄内尔·埃尔坎,里法特·桑贾尔,阿克·阿克苏,卡迪尔·瑟米克,欧扎·费什特",, 土耳其 / 马其顿 / 法国 / 德国 / 波黑 / 保加利亚 / 瑞典, tt6628102,8.1,17329.0
"6430835",猎杀本·拉登 Zero Dark Thirty,"2012","剧情,惊悚,历史",马克·鲍尔,"凯,瑟,琳,·,毕,格,罗","杰西卡·查斯坦,杰森·克拉克,乔尔·埃哲顿,詹妮弗·艾莉,马克·斯特朗,凯尔·钱德勒,埃德加·拉米雷兹,詹姆斯·甘多菲尼,克里斯·帕拉特,卡兰·马尔韦,泰勒·金尼,弗兰克·格里罗",, 美国, tt1790885,7.6,56162.0
"1300293",同命鸟 名もなく貧しく美しく,"1961",剧情,松山善三,"松,山,善,三","高峰秀子,小林桂树,草笛光子,沼田曜一",, 日本, tt0055217,8.2,248.0
"1850615",恍惚的人 恍惚の人,"1973",剧情,松山善三,"丰,田,四,郎","森繁久弥,高峰秀子",, 日本, tt0262549,8.5,392.0
"2003389",葬礼上的死亡 Death at a Funeral,"2007",喜剧,迪恩·克雷格,"弗,兰,克,·,奥,兹","马修·麦克费登,凯莉·霍威,安迪·尼曼,艾文·布莱纳,黛西·唐洛范,艾伦·图代克,珍·爱舍,克里斯·马歇尔,鲁珀特·格雷夫斯,皮特·沃恩,托马斯 惠特利,皮特·艾甘,彼特·丁拉基,Brendan O'Hea,Jeremy Booth",, 英国 / 美国 / 德国 / 荷兰, tt0795368,8.1,70634.0
"26761688",生死之墙 The Wall,"2017","剧情,惊悚,战争",德温·沃勒尔,"道,格,·,里,曼","亚伦·泰勒-约翰逊,约翰·塞纳,莱斯·纳克里",, 美国, tt4218696,7.3,16220.0
"1950148",赎罪 Atonement,"2007","剧情,爱情,悬疑,战争",克里斯托弗·汉普顿,"乔,·,赖,特","詹姆斯·麦卡沃伊,西尔莎·罗南,凯拉·奈特莉,本尼迪克特·康伯巴奇,布兰达·布莱斯,哈丽特·瓦尔特,朱诺·坦普尔,阿尔菲·艾伦,帕特里克·肯尼迪,彼得·怀特,瓦妮莎·雷德格雷夫,萝玛拉·嘉瑞",, 英国 / 法国, tt0783233,8.5,318064.0
"1293750",斯大林格勒战役 Stalingrad,"1993","剧情,战争",克里斯托夫·弗洛姆,"约,瑟,夫,·,维,尔,斯,麦,尔","多米尼克·霍卫兹,托马斯·克莱舒曼,约亨·尼克尔,达娜·瓦罗娃,塞巴斯蒂安·鲁道夫,马丁·本拉特,西尔维斯特·格罗特",, 德国, tt0108211,8.2,11121.0
"1295622",捉贼记 To Catch a Thief,"1955","爱情,悬疑,惊悚,犯罪",约翰·迈克尔·海耶斯,"阿,尔,弗,雷,德,·,希,区,柯,克","加里·格兰特,格蕾丝·凯利,洁茜·罗伊丝·兰迪斯,约翰·威廉姆斯,夏尔·瓦内尔,布丽吉特·奥贝尔,让·马丁内利,若尔热特·阿尼斯,约翰·安德逊,勒内·布朗卡尔,欧仁·博登,奥利弗·克罗斯,威·威利·戴维斯,多米妮克·达夫雷",, 美国, tt0048728,7.2,20193.0
"4071781","克里蒂，童话的小屋 Kerity, la maison des contes","2009","动画,儿童,冒险",Anik Leray,"多,米,尼,克,·,蒙,法,尼","让娜·莫罗,朱莉·加耶,Liliane Rovère,皮埃尔·里夏尔,德尼·波达利德斯,洛兰特·道驰,马修·格克齐",, 法国, tt1429430,8.0,6133.0
"30283179",撞死了一只羊,"2018",剧情,万玛才旦,"万,玛,才,旦","金巴,更登彭措,索朗旺姆,加华草",, 中国大陆, tt8836292,7.1,52187.0
"1293929",廊桥遗梦 The Bridges of Madison County,"1995","剧情,爱情",理查德·拉·格拉文斯,"克,林,特,·,伊,斯,特,伍,德","克林特·伊斯特伍德,梅丽尔·斯特里普,安妮·科利,维克多·斯勒扎克,吉姆·海尼,莎拉·凯瑟琳·施密特,克里斯托·弗克朗,菲利斯·里昂斯,戴布拉·莫克",, 美国, tt0112579,8.7,197382.0
"30391372",巴尔干边界 Балканский рубеж,"2019","动作,战争",安德烈·阿纳金,"安,德,烈,·,沃,金","安东·庞布施尼,尤里·库琴科,米洛斯·比柯维奇,米莱纳拉·德罗维奇,拉芙珊娜·库珂娃,阿勒克山达·斯雷科维奇,乔基科·米提克,德米特里·弗里德,米奥德拉格·拉多尼奇,埃米尔·库斯图里卡,谢尔盖·马林,尼基塔·科洛格利维,罗曼·库特辛,亚历山大·拉多伊契奇,埃菲姆·彼得鲁宁,安瓦尔·哈里路拉耶夫,瓦西利萨·涅姆科娃",, 俄罗斯 / 塞尔维亚, tt5951188,7.1,17243.0
"1401539",新机动战记高达W 无尽的华尔兹 剧场版 新機動戦記ガンダムW Endless Waltz 特別篇,"1998","剧情,科幻,动画",隅沢克之,"青,木,康,直","绿川光,矢岛晶子,关俊彦,中原茂,折笠爱,石野龙三,佐久间玲,依田英助,稻叶实,大泷进矢,藤本让,田口昂,子安武人,横山智佐,中田和宏,中村大树,森川智之,千叶一伸,纱由里,冬马由美,松井菜樱子,铃木沙织,中村秀利,铃木泰明,宫村优子,中岛聪彦,梅津秀行,大塚明夫",, 日本, tt0260191,8.5,4184.0
"1297769",马语者 The Horse Whisperer,"1998","剧情,爱情,西部",艾瑞克·罗斯,"罗,伯,特,·,雷,德,福","罗伯特·雷德福,克里斯汀·斯科特·托马斯,斯嘉丽·约翰逊,山姆·尼尔,克里斯·库珀",, 美国, tt0119314,8.1,18903.0
"1474180",触不到的恋人 The Lake House,"2006","剧情,爱情,奇幻",大卫·奥伯恩,"亚,历,杭,德,罗,·,阿,格,雷,斯,蒂","基努·里维斯,桑德拉·布洛克,克里斯托弗·普卢默,艾邦·摩斯-巴克拉赫,维勒克·范阿梅尔罗伊,迪伦·沃尔什,索瑞·安达斯鲁,琳恩·柯林斯,弗兰克·凯提",, 美国 / 澳大利亚, tt0410297,7.7,96186.0
"5379966",奇诺之旅：塔之国 -Free Lance- キノの旅 塔の国 -Free Lance-,"2005","剧情,动画,短片,冒险",村井さだゆき,"中,村,隆,太,郎","前田爱,相ヶ瀬龙史",, 日本, tt16306650,8.6,1452.0
"1293566",不可饶恕 Unforgiven,"1992","剧情,西部",大卫·韦伯·皮普尔斯,"克,林,特,·,伊,斯,特,伍,德","克林特·伊斯特伍德,吉恩·哈克曼,摩根·弗里曼,理查德·哈里斯,杰姆·沃尔福特,绍尔·鲁宾内克,弗兰西丝·费舍,安娜·莱文,大卫·木西,罗伯·坎贝尔,安东尼·詹姆斯,塔拉·弗莱德里克,贝弗利·埃略特,莉萨·雷波-马特尔,乔西·史密斯",, 美国, tt0105695,8.5,64308.0
"25899455",鬼灯的冷彻 OAD1 鬼灯の冷徹 「マニアと非マニアの温度差/コンコン野干 大判小判」,"2015","喜剧,动画,鬼怪",後藤みどり,"镝,木,宏","安元洋贵,长嶝高士,平川大辅,小林由美子,後藤ヒロキ,松山鹰志,柿原彻也,青山桐子,种崎敦美,喜多村英梨,上坂堇,游佐浩二,细谷佳正,佐藤聡美,小仓唯,諏訪彩花",, 日本,,8.9,3202.0
"1291580",杀死比尔 Kill Bill: Vol. 1,"2003","动作,惊悚,犯罪",昆汀·塔伦蒂诺,"昆,汀,·,塔,伦,蒂,诺","乌玛·瑟曼,刘玉玲,薇薇卡·福克斯,达丽尔·汉纳,大卫·卡拉丁,迈克尔·马德森,朱莉·德赖弗斯,栗山千明,千叶真一,刘家辉,迈克尔·帕克斯,迈克尔·鲍文,国村隼,大叶健二,风祭由纪",, 美国, tt0266697,8.3,451825.0
"1477916",心理游戏 マインド・ゲーム,"2004","喜剧,动画,悬疑,冒险",汤浅政明,"汤,浅,政,明","今田耕司,藤井隆,山口智充,Sayaka Maeda,Seiko Takuma,Toshio Sakata,Joji Shimaki,西凛太郎,Kenichi Chujou",, 日本, tt0452039,8.9,33882.0
"1464451",天下霸道之剑 犬夜叉 天下覇道の剣,"2003","动画,奇幻",高桥留美子,"篠,原,俊,哉, ,T,o,s,h,i,y,a, ,S,h,i,n,o,h,a,r,a","山口勝平 Kappei Yamaguchi,雪野五月 Satsuki Yukino,辻谷耕史 Koji Tsujitani,桑島法子 Hoko Kuwashima,渡辺久美子 Kumiko Watanabe,肝付兼太 Kaneta Kimotsuki",, 日本, tt0396659,8.4,14317.0
"1305080",怒海沉尸 Plein soleil,"1960","剧情,惊悚,犯罪",派翠西亚·海史密斯,"雷,内,·,克,莱,芒","阿兰·德龙,玛丽·拉福莱,莫里斯·罗内,埃诺·克里萨,弗兰克·拉铁摩尔,比利·卡恩斯,阿薇·宁基,维维亚娜·尚特尔,尼里奥·贝尔纳迪,Barbel Fanger,Lily Romanelli,Nicolas Petrov,爱尔薇儿·珀派斯科,雷内·克莱芒,Jacqueline Decaë,保罗·穆勒,罗密·施奈德,尼诺·温杰利",, 法国 / 意大利, tt0054189,8.1,6861.0
"1292280",第25小时 25th Hour,"2002","剧情,犯罪",戴维·贝尼奥夫,"斯,派,克,·,李","爱德华·诺顿,菲利普·塞默·霍夫曼,巴里·佩珀,罗莎里奥·道森,安娜·帕奎因,布莱恩·考克斯,托尼·西拉古萨,列万·乌恰尼什维利,托尼·德文,米沙·库兹内特斯洛夫,小伊塞亚·维特洛克,迈克尔·热内,帕特里斯·奥尼尔,阿尔·帕拉戈尼亚,亚伦·斯坦福,阿曼德·里斯科",, 美国, tt0307901,7.9,22153.0
"1947270",天狗,"2006",剧情,郑宏志,"戚,健","富大龙,朱媛媛,刘子枫,周力",, 中国大陆, tt0830838,8.7,30470.0
"1299884",人到中年,"1982",剧情,谌容,"王,启,民","潘虹,达式常,赵奎娥,郑乾龙,任秀艳,浦克,吴庄,车轩,张冲霄,郑毅,朱琛,曹雪,李健",, 中国大陆, tt0227366,8.1,4630.0
"1294252",雾中风景 Τοπίο στην ομίχλη,"1988",剧情,萨纳西斯·瓦尔蒂诺斯,"西,奥,·,安,哲,罗,普,洛,斯","米哈利斯·齐克,塔尼娅·帕拉依奥罗葛,斯特拉托斯·楚措格卢,伊娃·科塔曼尼多,阿利基·耶奥古利,瓦西利斯·科洛沃斯,Vasilis Bouyiouklakis,伊利亚斯·洛戈塞蒂斯,万格利斯·卡赞,斯特拉托斯·帕希斯,米哈利斯·扬纳托斯,基里亚科斯·卡特里瓦诺斯,格里戈里斯·埃万耶拉托斯,扬尼斯·菲里奥斯,Nikos Kouros",, 希腊 / 法国 / 意大利, tt0096288,9.0,36359.0
"1302050",广岛之恋 Hiroshima mon amour,"1959","剧情,爱情,战争",玛格丽特·杜拉斯,"阿,伦,·,雷,乃","埃玛妞·丽娃,冈田英次,贝尔纳·弗雷松,斯特拉·达萨斯,皮埃尔·巴尔博",, 法国 / 日本, tt0052893,7.8,35643.0
"27615868",续·终物语 続・終物語,"2018","剧情,动画,奇幻",木泽行人,"新,房,昭,之","神谷浩史,斋藤千和,加藤英美里,泽城美雪,花泽香菜,堀江由衣,喜多村英梨,井口裕香,早见沙织,井上麻里奈,坂本真绫,水桥香织,根谷美智子",, 日本, tt9266104,8.9,3278.0
"1760635",乞爱者 愛を乞うひと,"1998",剧情,郑义信,"平,山,秀,幸","原田美枝子,野波麻帆,小日向文世,熊谷真实,国村隼,西田尚美,氏木毅,茂吕师冈,中井贵一,浅川稚广,新村礼子,大泽茜",, 日本, tt0168450,8.3,1086.0
"1306483",日本的悲剧 日本の悲劇,"1953",剧情,木下惠介,"木,下,惠,介","望月優子,桂木洋子,上原谦",, 日本, tt0046127,7.9,450.0
"1304717",小镇 Kasaba,"1997",剧情,艾岷·锡兰,"努,里,·,比,格,·,锡,兰","伊敏·托普拉克,Havva Saglam,Cihat Bütün,法蒂玛赛纶,艾岷·锡兰,Sercihan Alevoglu,Semra Yilmaz,Latif Altintas,穆扎菲·奥德默",, 土耳其, tt0143334,7.8,3562.0
"1920805",成为简·奥斯汀 Becoming Jane,"2007","剧情,爱情,传记",Sarah Williams,"朱,里,安,·,杰,拉,德","安妮·海瑟薇,詹姆斯·麦卡沃伊,朱丽·沃特斯,詹姆斯·克伦威尔,玛吉·史密斯,安娜·麦克西维尔·马丁,露西·科乎,劳伦斯·福克斯,伊恩·理查森,乔·安德森,里奥·比尔,杰茜卡·阿什沃思,汤姆-沃恩-劳勒",, 英国 / 爱尔兰, tt0416508,8.3,241422.0
"6753166",七个神经病 Seven Psychopaths,"2012","喜剧,犯罪",马丁·麦克唐纳,"马,丁,·,麦,克,唐,纳","科林·法瑞尔,山姆·洛克威尔,伍迪·哈里森,克里斯托弗·沃肯,艾比·考尼什,海伦娜·马特森,迈克尔·斯图巴,迈克尔·皮特,哈利·戴恩·斯坦通,加布蕾·丝迪贝,欧嘉·柯瑞兰寇",, 英国 / 美国, tt1931533,7.7,73760.0
"26272363",卡贾基 Kajaki: The True Story,"2014","战争,冒险",Tom Williams,"P,a,u,l, ,K,a,t,i,s","Mark Stanley,David Elliott,马拉基·卡比",, 英国, tt3622120,7.3,5262.0
"1294940",复仇在我 復讐するは我にあり,"1979","剧情,犯罪",马场当,"今,村,昌,平","绪形拳,三国连太郎,日向铃子,倍赏美津子,根岸季衣,小川真由美,清川虹子,绘泽萠子,白川和子,殿山泰司,弗兰克堺,平田昭彦,辻万长,北村和夫,火野正平,河原崎长一郎,菅井琴,石堂淑朗,加藤嘉,梅津荣,中村美代子,桂玉木,铃木正幸,西尾麻里,大方斐纱子",, 日本, tt0079182,8.5,10172.0
"1293626",最长的一天 The Longest Day,"1962","剧情,动作,历史,战争",科尔内留斯·瑞安,"肯,·,安,纳,金","理查德·伯顿,肖恩·康纳利,亨利·方达,约翰·韦恩,莱德·巴顿斯",, 美国, tt0056197,8.5,11584.0
"1863991",莫斯科保卫战 Битва за Москву,"1985","剧情,战争",尤里·奥泽洛夫,"尤,里,·,奥,泽,洛,夫, ,Y,u,r,i, ,O,z,e,r,o,v","Yakov Tripolsky,Mikhail Ulyanov,Aleksandr Goloborodko,Bruno Frejndlikh,Nikolai Zasukhin",, 苏联 / 捷克斯洛伐克 / 东德 / 越南, tt0173675,8.4,2555.0
"30371819",热带雨,"2019",剧情,陈哲艺,"陈,哲,艺","杨雁雁,许家乐,李铭顺,杨世彬",, 新加坡 / 中国台湾, tt9822706,7.5,63901.0
"4135376",魔神凯撒 死斗！暗黑大将军 マジンカイザー 死闘!暗黒大将軍,"2003","科幻,动画",永井豪,"村,田,雅,彦","石丸博也,内川蓝维,相田早矢香,立木文彦,家中宏,斋贺光希,平松晶子,菊池志穗,梅津秀行,宇垣秀成,永野广一,中村大树,三宅健太,唐泽润,梁田清之,坂口候一,八奈见乘儿,长克巳,中田和宏,饭塚昭三",, 日本, tt0422702,7.6,174.0
"2159860",翼神世音 多元变奏曲 ラーゼフォン 多元変奏曲,"2003","爱情,科幻,动画",京田知己,"京,田,知,己","下野纮,久川绫,坂本真绫,桥本一子,桑岛法子,嘉数由美,野岛裕史,川澄绫子,中田让治,宫本充,关俊彦,宫田幸季,杉本优,大塚芳忠,浅川悠,折笠富美子,田坂秀树,原泽晃绮,松本大,细井治,河口博,大塚周夫,家弓家正,兵藤真子",, 日本, tt1047518,8.0,1441.0
"1301465",纯真年代 The Age of Innocence,"1993","剧情,爱情",杰伊·考克斯,"马,丁,·,斯,科,塞,斯","丹尼尔·戴-刘易斯,米歇尔·菲佛,薇诺娜·瑞德,亚历克西斯·史密斯,罗伯特·肖恩·莱纳德,理查德·E·格兰特,亚历克·马克温,杰拉丁·卓别林,玛丽·贝丝·赫特,斯图亚特·维尔森,布赖恩·戴维斯,诺曼·劳埃德,乔纳森·普雷斯",, 美国, tt0106226,8.2,52542.0
"1293394",西部往事 C'era una volta il West,"1968","剧情,犯罪,西部",赛尔乔·多纳蒂,"赛,尔,乔,·,莱,昂,内","亨利·方达,查尔斯·布朗森,克劳迪娅·卡汀娜,杰森·罗巴兹,杰克·伊莱姆",, 意大利 / 美国, tt0064116,8.7,45820.0
"25779156",悠哉日常大王OAD：冲绳之行 のんのんびより OAD 沖縄へ行くことになった,"2014","剧情,喜剧,动画",吉田玲子,"川,面,真,也","小岩井小鸟,村川梨衣,佐仓绫音,阿澄佳奈,名塚佳织,佐藤利奈,福圆美里,新谷良子,上田丽奈",, 日本,,9.1,1729.0
"1302522",荒野大镖客 Per un pugno di dollari,"1964","动作,西部",赛尔乔·莱昂内,"赛,尔,乔,·,莱,昂,内","克林特·伊斯特伍德,吉安·马里亚·沃隆特,沃尔夫冈·路卡西,玛丽安妮·柯奇,西戈德·拉普,约瑟夫·埃格,何塞·卡尔沃,玛加丽塔·洛扎诺,丹尼尔·马汀,贝尼托·斯特凡内利,马里奥·布雷加,布鲁诺·卡罗泰努托,阿尔多·桑布雷利",, 意大利 / 西班牙 / 西德, tt0058461,8.4,59668.0
"2279152",名侦探柯南：世纪末的魔术师 名探偵コナン 世紀末の魔術師,"1999","喜剧,动画,悬疑,犯罪,冒险",古内一成,"儿,玉,兼,嗣","高山南,山崎和佳奈,茶风林,绪方贤一,盐泽兼人,神谷明,林原惠美,岩居由希子,高木涉,大谷育江,松井菜樱子,田中信夫,堀川亮,松冈文雄,石冢运升,宫村优子,大塚周夫,依田英助,大塚芳忠,筱原惠美,宫本充,壤晴彦,中岛聪彦,小山裕通,井上隆之,千叶一伸,布目贞雄,佐藤忍,藤田淑子,山口胜平",, 日本, tt1067920,8.6,114324.0
"2361919",死神剧场版：钻石星尘的反叛 另一个冰轮丸 劇場版 BLEACH ブリーチ The DiamondDust Rebellion もう一つの氷輪丸,"2007","动作,动画,惊悚,恐怖",横手美智子,"阿,部,记,之","森田成一,朴璐美,石田彰,安元洋贵,杉山纪彰,大塚明夫,立木文彦,置鲇龙太郎,伊藤健太郎,塚田正昭,樫井笙人,雪野五月,樱井孝宏,野上尤加奈,松谷彼哉,中尾隆圣,菅生隆之,森川智之,瀬那步美,折笠富美子,川上伦子,久川绫,稻田彻,石川英郎,小西克幸,福山润,西村千奈美,松冈由贵,生天目仁美,桧山修之,三木真一郎,大原沙耶香,武虎",, 日本, tt1148261,7.2,7633.0
"30181130",阿拉姜色,"2018","剧情,家庭",松太加,"松,太,加","容中尔甲,尼玛颂宋,赛却加",, 中国大陆, tt9159816,7.6,21577.0
"1293237",变脸,"1995",剧情,魏明伦,"吴,天,明","朱旭,周任莹,赵志刚,张瑞阳",, 中国大陆 / 中国香港, tt0115669,9.0,40072.0
"1293090",赌王之王 Rounders,"1998","剧情,犯罪",大卫·莱维恩,"约,翰,·,达,尔","马特·达蒙,爱德华·诺顿,约翰·马尔科维奇,格瑞辰·摩尔,法米克·詹森,约翰·特托罗",, 美国, tt0128442,7.4,27177.0
"3080195",快乐的单身汉,"1983","剧情,爱情",梁星明,"宋,崇","龚雪,刘信义,马晓伟,战车,詹萍萍,郑星,连龙海,薛国平,胡浩,林驾云,王薇,康泰,严永瑄,管文英,洪流,张妙珍,杨恽,王绍光,王卫平,何麟",, 中国大陆, tt0382066,7.5,1332.0
"1484239",生死恋 愛と死,"1971",爱情,山田太一,"中,村,登","横内正,栗原小卷,新克利",, 日本, tt7645928,7.5,1439.0
"1302061","德州巴黎 Paris, Texas","1984",剧情,L·M·基特卡森,"维,姆,·,文,德,斯","哈利·戴恩·斯坦通,萨姆·贝瑞,伯恩哈德·维基,迪恩·斯托克维尔,奥萝尔·克莱芒,亨特·卡森,维娃,索科洛·瓦尔迪兹,娜塔莎·金斯基,汤姆·法雷尔,约翰·劳瑞",, 西德 / 法国 / 英国 / 美国, tt0087884,8.6,49185.0
"4876722",钢的琴,"2010","剧情,喜剧",张猛,"张,猛","王千源,秦海璐,张申英,刘谦,罗二羊,国永振,周逵,田雨,张亚希,项燕,许江宁,张惠志,刘星禹,王早来,王玥",, 中国大陆, tt1723118,8.5,335263.0
"1793904",决战犹马镇 3:10 to Yuma,"2007","剧情,动作,犯罪,西部",Halsted Welles,"詹,姆,斯,·,曼,高,德","罗素·克劳,克里斯蒂安·贝尔,罗根·勒曼,达拉斯·罗伯特斯,本·福斯特,彼得·方达,凡妮莎·肖,艾伦·图代克,卢斯·雷恩斯,格瑞辰·摩尔,约翰尼·威特沃斯",, 美国, tt0381849,8.0,36946.0
"6845667",秘密特工 The Man from U.N.C.L.E.,"2015","喜剧,动作,冒险",盖·里奇,"盖,·,里,奇","亨利·卡维尔,艾米·汉莫,艾丽西亚·维坎德,西尔维斯特·格罗特,休·格兰特,杰瑞德·哈里斯,伊丽莎白·德比茨基,克里斯蒂安·贝克尔,豪尔赫·莱昂·马丁内斯,卢卡·卡尔瓦尼,大卫·贝克汉姆,丹尼尔·韦斯特伍德",, 美国 / 英国, tt1638355,8.1,148604.0
"3026572",世界尽头 The World's End,"2013","喜剧,动作,科幻",西蒙·佩吉,"埃,德,加,·,赖,特","西蒙·佩吉,尼克·弗罗斯特,帕迪·康斯戴恩,马丁·弗瑞曼,埃迪·马森,裴淳华,托马斯·洛,扎卡里·拜莱斯,贾斯珀·莱文,詹姆斯·特拉佩,卢克·布罗姆利,索菲亚·埃文斯,Samantha White,洛斯雷诺兹,Richard Hadfield,Flora Slorach,Francesca Reidie,Charlotte Reidie,大卫·布拉德利,迈克尔·史麦利,皮尔斯·布鲁斯南",, 英国, tt1213663,7.4,54870.0
"1297556",浪华悲歌 浪華悲歌,"1936",剧情,沟口健二,"沟,口,健,二","Seiichi Takegawa,大仓千代子,浅香新八郎,志贺乃家弁庆,梅村蓉子,原健作,泷泽静子,进藤英太郎,田村邦男,山田五十铃,志村乔",, 日本, tt0028021,7.3,1106.0
"1401240",搬家 お引越し,"1993","剧情,家庭",奥寺佐渡子,"相,米,慎,二","中井贵一,樱田淳子,田畑智子,須藤真理子,田中太郎,茂山逸平,远野凪子,山本耕史,千原しのぶ,笑福亭鹤瓶",, 日本, tt0107736,8.4,2726.0
"1867787",适合分手的季节 Iklimler,"2006",剧情,努里·比格·锡兰,"努,里,·,比,格,·,锡,兰","埃布鲁·锡兰,努里·比格·锡兰,娜赞·克萨尔,穆罕默德·艾尔马斯,艾瑞福阿西,Can Ozbatur,乌富克·巴伊拉克塔尔,法蒂玛赛纶,艾岷·锡兰,Semra Yilmaz,弗里敦考克",, 土耳其 / 法国, tt0498097,7.6,4300.0
"1361252",夜 La notte,"1961","剧情,爱情",米开朗基罗·安东尼奥尼,"米,开,朗,基,罗,·,安,东,尼,奥,尼","马塞洛·马斯楚安尼,让娜·莫罗,莫尼卡·维蒂,伯恩哈德·维基,罗西·马扎库拉蒂,玛丽亚·皮亚·卢齐,圭多·A·马尔桑,维托里奥·贝尔托尼,温琴佐·科尔贝拉,乌戈·福图纳蒂,吉特·马格里尼,乔治·内格罗,罗伯塔·斯佩罗尼,翁贝托·埃科",, 意大利 / 法国, tt0054130,8.8,11505.0
